USE MOUDATABSE;

INSERT INTO `role` (`role_id`, `role_name`) VALUES ('4c141265-cd5e-3dbe-950c-09022d09e040','SUPER_ADMIN');
INSERT INTO `role` (`role_id`, `role_name`) VALUES ('bb40baa1-7477-3016-a0d6-ad69b33cdc5b','ADMIN');
INSERT INTO `role` (`role_id`, `role_name`) VALUES ('cbf7e9d9-068f-317b-80a5-2c229a01ff39','EDITOR');
INSERT INTO `role` (`role_id`, `role_name`) VALUES ('f15ebfad-19b5-3765-8240-d9d0407d7f45','VIEWERS');

INSERT INTO `user` (`user_id`, `email`, `password`, `first_name`, `last_name`, `created_at`, `token`, `role_id`) VALUES ('3fbfbecc-2960-322b-9d04-dd54bc860387','admin@mou.com','$2a$10$iMx8KQrDguJrny/I1Zd2puzYdIZr6Sh3MUi.qz27Qy7qZJaMqrzNi','Admin','Mou','2021-06-20 09:00:19','30b47a91c865cc6db2187bd0b1d593d6310335a1078547e3b1849e5c83901ce7','bb40baa1-7477-3016-a0d6-ad69b33cdc5b');
INSERT INTO `user` (`user_id`, `email`, `password`, `first_name`, `last_name`, `created_at`, `token`, `role_id`) VALUES ('587642d4-f256-328d-b30d-b424ef00e7f3','editor@mou.com','$2a$10$iMx8KQrDguJrny/I1Zd2puzYdIZr6Sh3MUi.qz27Qy7qZJaMqrzNi','Editor','Mou','2021-06-20 06:42:09','c127988cb6ae70e257e110808356c0e8cd760a5b4d7ebf9de78e543c8e93b074','cbf7e9d9-068f-317b-80a5-2c229a01ff39');
INSERT INTO `user` (`user_id`, `email`, `password`, `first_name`, `last_name`, `created_at`, `token`, `role_id`) VALUES ('ae9c29e3-5951-3884-95d4-7940e98ce218', 'superadmin@mou.com', '$2a$10$iMx8KQrDguJrny/I1Zd2puzYdIZr6Sh3MUi.qz27Qy7qZJaMqrzNi', 'Super Admin', 'Mou', '2021-06-20 19:52:18', '3a49ec6721aaa8584fa9d8dd1199f71052852e7b0be6e4d6eb8741e3deba23b8', '4c141265-cd5e-3dbe-950c-09022d09e040');
INSERT INTO `user` (`user_id`, `email`, `password`, `first_name`, `last_name`, `created_at`, `token`, `role_id`) VALUES ('c355b5bd-7d54-3c10-8f98-be17ea3e1789', 'viewer@mou.com', '$2a$10$iMx8KQrDguJrny/I1Zd2puzYdIZr6Sh3MUi.qz27Qy7qZJaMqrzNi', 'Viewer', 'Mou', '2021-06-20 21:42:38', '206dc79d64665650def02d8a4faf95c923cdc92f0fd9e51c4863e39b6d690286', 'f15ebfad-19b5-3765-8240-d9d0407d7f45');
INSERT INTO `user` (`user_id`, `email`, `password`, `first_name`, `last_name`, `created_at`, `token`, `role_id`) VALUES ('c750dcc2-e489-3722-9441-982549ffb62c', 'senet@mou.com', 'b02cb36b1be47515cc199870e3bbc51caf183d35', 'Senet', 'Mou', '2021-06-20 10:08:19', '', 'bb40baa1-7477-3016-a0d6-ad69b33cdc5b');
INSERT INTO `user` (`user_id`, `email`, `password`, `first_name`, `last_name`, `created_at`, `token`, `role_id`) VALUES ('c950dcc2-e489-3722-9441-982549ffb62c', 'efac@mou.com', '$2a$10$iMx8KQrDguJrny/I1Zd2puzYdIZr6Sh3MUi.qz27Qy7qZJaMqrzNi', 'Efac', 'Mou', '2021-06-20 10:08:19', '', 'bb40baa1-7477-3016-a0d6-ad69b33cdc5b');

INSERT INTO `new_user` (`email`, `confirmation_token`, `role_id`, `created_user`) VALUES ('adaline.bins@example.org','123456', '4c141265-cd5e-3dbe-950c-09022d09e040', 'ae9c29e3-5951-3884-95d4-7940e98ce218');
INSERT INTO `new_user` (`email`, `confirmation_token`, `role_id`, `created_user`) VALUES ('alex.breitenberg@example.org','123456', '4c141265-cd5e-3dbe-950c-09022d09e040', '3fbfbecc-2960-322b-9d04-dd54bc860387');
INSERT INTO `new_user` (`email`, `confirmation_token`, `role_id`, `created_user`) VALUES ('amie.kling@example.net', '123456', '4c141265-cd5e-3dbe-950c-09022d09e040', 'ae9c29e3-5951-3884-95d4-7940e98ce218');
INSERT INTO `new_user` (`email`, `confirmation_token`, `role_id`, `created_user`) VALUES ('ansel411@example.com', '123456', 'cbf7e9d9-068f-317b-80a5-2c229a01ff39', '3fbfbecc-2960-322b-9d04-dd54bc860387');

--change the country code 
INSERT INTO `country` (`country_code`,`country_name`) VALUES ('AU','Australia');
INSERT INTO `country` (`country_code`,`country_name`) VALUES ('AT','Austria');
INSERT INTO `country` (`country_code`,`country_name`) VALUES ('BE','Belgium');
INSERT INTO `country` (`country_code`,`country_name`) VALUES ('BT','Bhutan');
INSERT INTO `country` (`country_code`,`country_name`) VALUES ('BD','Bangladesh');
INSERT INTO `country` (`country_code`,`country_name`) VALUES ('KH','Cambodia');
INSERT INTO `country` (`country_code`,`country_name`) VALUES ('CA','Canada');
INSERT INTO `country` (`country_code`,`country_name`) VALUES ('CN','China');
INSERT INTO `country` (`country_code`,`country_name`) VALUES ('ET','Ethiopia');
INSERT INTO `country` (`country_code`,`country_name`) VALUES ('FI','Finland');
INSERT INTO `country` (`country_code`,`country_name`) VALUES ('DE','Germany');
INSERT INTO `country` (`country_code`,`country_name`) VALUES ('IN','India');
INSERT INTO `country` (`country_code`,`country_name`) VALUES ('IE','Ireland');
INSERT INTO `country` (`country_code`,`country_name`) VALUES ('IT','Italy');
INSERT INTO `country` (`country_code`,`country_name`) VALUES ('KE','Kenya');
INSERT INTO `country` (`country_code`,`country_name`) VALUES ('LV','Latvia');
INSERT INTO `country` (`country_code`,`country_name`) VALUES ('JP','Japan');
INSERT INTO `country` (`country_code`,`country_name`) VALUES ('MY','Malaysia');
INSERT INTO `country` (`country_code`,`country_name`) VALUES ('NP','Nepal');
INSERT INTO `country` (`country_code`,`country_name`) VALUES ('NZ','New Zealand');
INSERT INTO `country` (`country_code`,`country_name`) VALUES ('PK','Pakistan');
INSERT INTO `country` (`country_code`,`country_name`) VALUES ('RO','Romania');
INSERT INTO `country` (`country_code`,`country_name`) VALUES ('SG','Singapore');
INSERT INTO `country` (`country_code`,`country_name`) VALUES ('ES','Spain');
INSERT INTO `country` (`country_code`,`country_name`) VALUES ('KR','South Korea');
INSERT INTO `country` (`country_code`,`country_name`) VALUES ('CH','Switzerland');
INSERT INTO `country` (`country_code`,`country_name`) VALUES ('US','United States');
INSERT INTO `country` (`country_code`,`country_name`) VALUES ('TH','Thailand');
INSERT INTO `country` (`country_code`,`country_name`) VALUES ('TR','Turkey');
INSERT INTO `country` (`country_code`,`country_name`) VALUES ('UG','Uganda');
INSERT INTO `country` (`country_code`,`country_name`) VALUES ('CZ','Czech Republic');
INSERT INTO `country` (`country_code`,`country_name`) VALUES ('TW','Taiwan');
INSERT INTO `country` (`country_code`,`country_name`) VALUES ('DK','Denmark');
INSERT INTO `country` (`country_code`,`country_name`) VALUES ('GB','United Kingdom');
--Stage - Dado
--Faculty - Dado

--INSERT INTO `faculty`(`faculty_id`, `name`, `email`, `phone_no`, ) VALUES ('', '', '', '', )
INSERT INTO `faculty` (`faculty_id`, `name`, `email`, `phone_number`) VALUES ('42685c28-c703-11eb-b8bc-0242ac130003', 'International Relations', '', '');
INSERT INTO `faculty` (`faculty_id`, `name`, `email`, `phone_number`) VALUES ('42685b60-c703-11eb-b8bc-0242ac130003', 'Faculty of Agriculture', 'aragri@pdn.ac.lk', '+94-81-238-8041');
INSERT INTO `faculty` (`faculty_id`, `name`, `email`, `phone_number`) VALUES ('42685dcc-c703-11eb-b8bc-0242ac130003', 'Faculty of Applied Health Sciences', 'deanahs@pdn.ac.lk', '+94-81-206-5796');
INSERT INTO `faculty` (`faculty_id`, `name`, `email`, `phone_number`) VALUES ('42685eb2-c703-11eb-b8bc-0242ac130003', 'Faculty of Arts', 'deanarts@pdn.ac.lk', '+94-81-238-8345');
INSERT INTO `faculty` (`faculty_id`, `name`, `email`, `phone_number`) VALUES ('42686272-c703-11eb-b8bc-0242ac130003', 'Faculty of Dental Sciences', '', '+94-81-239-7504');
INSERT INTO `faculty` (`faculty_id`, `name`, `email`, `phone_number`) VALUES ('42686330-c703-11eb-b8bc-0242ac130003', 'Faculty of Engineering', '', '+94-81-239-3300');
INSERT INTO `faculty` (`faculty_id`, `name`, `email`, `phone_number`) VALUES ('426863e4-c703-11eb-b8bc-0242ac130003', 'Faculty of Medicine', '', '+94-81-239-6207');
INSERT INTO `faculty` (`faculty_id`, `name`, `email`, `phone_number`) VALUES ('42686498-c703-11eb-b8bc-0242ac130003', 'Faculty of Science', 'arsci@pdn.ac.lk', '+94-81-239-4404');
INSERT INTO `faculty` (`faculty_id`, `name`, `email`, `phone_number`) VALUES ('42686542-c703-11eb-b8bc-0242ac130003', 'Faculty of Veterinary Science', 'deanvet@pdn.ac.lk', '+94-81-239-5707');
INSERT INTO `faculty` (`faculty_id`, `name`, `email`, `phone_number`) VALUES ('426865f6-c703-11eb-b8bc-0242ac130003', 'Postgraduate Institute', '', '');
INSERT INTO `faculty` (`faculty_id`, `name`, `email`, `phone_number`) VALUES ('426866aa-c703-11eb-b8bc-0242ac130003', 'PGIHS', '', '');
INSERT INTO `faculty` (`faculty_id`, `name`, `email`, `phone_number`) VALUES ('42686902-c703-11eb-b8bc-0242ac130003', 'PGIA', '', '');
INSERT INTO `faculty` (`faculty_id`, `name`, `email`, `phone_number`) VALUES ('42686a4c-c703-11eb-b8bc-0242ac130003', 'CGU', '', '');
INSERT INTO `faculty` (`faculty_id`, `name`, `email`, `phone_number`) VALUES ('42686b14-c703-11eb-b8bc-0242ac130003', 'Senate', '', '');
INSERT INTO `faculty` (`faculty_id`, `name`, `email`, `phone_number`) VALUES ('4268bb00-c703-11eb-b8bc-0242ac130003', 'Not available', '', '');

--INSERT INFO `stage`(`stage_id`, `name`) VALUES ('', '')
INSERT INTO `stage` (`stage_id`, `stage_name`) VALUES ('42687226-c703-11eb-b8bc-0242ac130003', 'Start');
INSERT INTO `stage` (`stage_id`, `stage_name`) VALUES ('42687514-c703-11eb-b8bc-0242ac130003', 'Pending at Legal Division');
INSERT INTO `stage` (`stage_id`, `stage_name`) VALUES ('4268760e-c703-11eb-b8bc-0242ac130003', 'Pending at Faculty Board');
INSERT INTO `stage` (`stage_id`, `stage_name`) VALUES ('426876c2-c703-11eb-b8bc-0242ac130003', 'Pending at ADPC');
INSERT INTO `stage` (`stage_id`, `stage_name`) VALUES ('42687780-c703-11eb-b8bc-0242ac130003', 'Pending at Faculty');
INSERT INTO `stage` (`stage_id`, `stage_name`) VALUES ('426879ba-c703-11eb-b8bc-0242ac130003', 'Pending at Senate');
INSERT INTO `stage` (`stage_id`, `stage_name`) VALUES ('42687a78-c703-11eb-b8bc-0242ac130003', 'Pending at Council');
INSERT INTO `stage` (`stage_id`, `stage_name`) VALUES ('42687b36-c703-11eb-b8bc-0242ac130003', 'Pending at UGC');
INSERT INTO `stage` (`stage_id`, `stage_name`) VALUES ('42687bea-c703-11eb-b8bc-0242ac130003', 'Pending at MOE');
INSERT INTO `stage` (`stage_id`, `stage_name`) VALUES ('42687c94-c703-11eb-b8bc-0242ac130003', 'Pending at NPD');
INSERT INTO `stage` (`stage_id`, `stage_name`) VALUES ('42687d52-c703-11eb-b8bc-0242ac130003', 'Pending at ERD');
INSERT INTO `stage` (`stage_id`, `stage_name`) VALUES ('42687e06-c703-11eb-b8bc-0242ac130003', 'Pending at MOFA');
INSERT INTO `stage` (`stage_id`, `stage_name`) VALUES ('42688068-c703-11eb-b8bc-0242ac130003', 'Pending at AG');
INSERT INTO `stage` (`stage_id`, `stage_name`) VALUES ('42688130-c703-11eb-b8bc-0242ac130003', 'Pending at Cabinet');
INSERT INTO `stage` (`stage_id`, `stage_name`) VALUES ('42688298-c703-11eb-b8bc-0242ac130003', 'OnGoing');


--Insert INTO `mou` (`mou_id`, `name`, `file_no`, `agreement_no`, `funding_agent`, `start_date`, `signing_date`, `expiring_date`, `grant_period`, `remarks`) VALUES ('', '', '', '', '', '', '', '', '', '','');
--edit this
Insert INTO `mou` (`mou_id`, `name`, `file_no`, `agreement_no`, `funding_agent`, `start_date`, `signing_date`, `expiring_date`, `grant_period`, `remarks`) VALUES ('42686bc8-c703-11eb-b8bc-0242ac130003', 'Mou 1', '', '', '', '2018-01-01 00:00:00', '2018-01-01 00:00:00', '2023-01-01 00:00:00', '5', 'Joint Academic partnership');
Insert INTO `mou` (`mou_id`, `name`, `file_no`, `agreement_no`, `funding_agent`, `start_date`, `signing_date`, `expiring_date`, `grant_period`, `remarks`) VALUES ('42686d30-c703-11eb-b8bc-0242ac130003', 'Mou 2', '', '', '', '2016-04-02 00:00:00', '2018-01-01 00:00:00', '2021-01-01 00:00:00', '5', 'Exchange of scientific materials publications and information, Exchange of student, staff and researchers, joint research and meetings for research');
Insert INTO `mou` (`mou_id`, `name`, `file_no`, `agreement_no`, `funding_agent`, `start_date`, `signing_date`, `expiring_date`, `grant_period`, `remarks`) VALUES ('42686fe2-c703-11eb-b8bc-0242ac130003', 'Mou 3', '', '', '', '2018-06-30 00:00:00', '2018-06-30 00:00:00', '2023-06-30 00:00:00', '5', 'Academic staff collaboration in research, teaching and learning in areas common interest.');
Insert INTO `mou` (`mou_id`, `name`, `file_no`, `agreement_no`, `funding_agent`, `start_date`, `signing_date`, `expiring_date`, `grant_period`, `remarks`) VALUES ('4268836a-c703-11eb-b8bc-0242ac130003', 'Mou 4', '', '', '', '2018-05-31 00:00:00', '2018-05-31 00:00:00', '2023-05-31 00:00:00', '5', 'Exchange of faculty and Staff members, Dual Degree programme, Joint research, lectures and symposia');
Insert INTO `mou` (`mou_id`, `name`, `file_no`, `agreement_no`, `funding_agent`, `start_date`, `signing_date`, `expiring_date`, `grant_period`, `remarks`) VALUES ('4268855e-c703-11eb-b8bc-0242ac130003', 'Mou 5', '', '', '', '2018-10-03 00:00:00', '2018-10-03 00:00:00', '2023-10-03 00:00:00', '5', 'Visits and informal exchanges of faculty, Exchange of academic information and materials');
Insert INTO `mou` (`mou_id`, `name`, `file_no`, `agreement_no`, `funding_agent`, `start_date`, `signing_date`, `expiring_date`, `grant_period`, `remarks`) VALUES ('426886c6-c703-11eb-b8bc-0242ac130003', 'Mou 6', '', '', '', '2017-03-23 00:00:00', '2017-03-23 00:00:00', '2022-03-23 00:00:00', '5', 'Exchange of academic and technical personnel, exchange of students, academic information and knowledge. Other exchange activities to which both Universities agrees');
Insert INTO `mou` (`mou_id`, `name`, `file_no`, `agreement_no`, `funding_agent`, `start_date`, `signing_date`, `expiring_date`, `grant_period`, `remarks`) VALUES ('426889aa-c703-11eb-b8bc-0242ac130003', 'Mou 7', '', '', '', '2014-05-11 00:00:00', '2014-05-11 00:00:00', '2114-05-11 00:00:00', '100', 'Professional development, Faculty exchange (staff, researchers, etc.), exchange information');
Insert INTO `mou` (`mou_id`, `name`, `file_no`, `agreement_no`, `funding_agent`, `start_date`, `signing_date`, `expiring_date`, `grant_period`, `remarks`) VALUES ('42688b12-c703-11eb-b8bc-0242ac130003', 'Mou 8', '', '', '', '2012-01-20 00:00:00', '2012-01-20 00:00:00', '2112-01-20 00:00:00', '100', 'Research collaboration');
Insert INTO `mou` (`mou_id`, `name`, `file_no`, `agreement_no`, `funding_agent`, `start_date`, `signing_date`, `expiring_date`, `grant_period`, `remarks`) VALUES ('42688c7a-c703-11eb-b8bc-0242ac130003', 'Mou 9', '', '', '', '2018-09-28 00:00:00', '2018-09-28 00:00:00', '2023-09-28 00:00:00', '5', '1.To identify the possible causative factors CKDu disease of unknown etiology in Sri Lanka 2.To develop ground water treatment 3To develop rain water harvesting');
Insert INTO `mou` (`mou_id`, `name`, `file_no`, `agreement_no`, `funding_agent`, `start_date`, `signing_date`, `expiring_date`, `grant_period`, `remarks`) VALUES ('4268f28c-c703-11eb-b8bc-0242ac130003', 'Mou 10', '', '', '', '2018-08-20 00:00:00', '2018-08-20 00:00:00', '2023-08-20 00:00:00', '5', 'Exchange of students for study purpose or work experience, exchange of knowledge and experience');
Insert INTO `mou` (`mou_id`, `name`, `file_no`, `agreement_no`, `funding_agent`, `start_date`, `signing_date`, `expiring_date`, `grant_period`, `remarks`) VALUES ('4268f3f4-c703-11eb-b8bc-0242ac130003', 'Mou 11', '', '', '', '2018-06-25 00:00:00', '2018-06-25 00:00:00', '2023-06-25 00:00:00', '5', 'Exchanges between faculty members is to promote collaborative research.');
Insert INTO `mou` (`mou_id`, `name`, `file_no`, `agreement_no`, `funding_agent`, `start_date`, `signing_date`, `expiring_date`, `grant_period`, `remarks`) VALUES ('4268f55c-c703-11eb-b8bc-0242ac130003', 'Mou 12', '', '', '', '2016-12-16 00:00:00', '2016-12-16 00:00:00', '2021-12-16 00:00:00', '5', 'Exchange of faculty members and research scholars, participate in joint research, academic publications and academic information, etc.');
Insert INTO `mou` (`mou_id`, `name`, `file_no`, `agreement_no`, `funding_agent`, `start_date`, `signing_date`, `expiring_date`, `grant_period`, `remarks`) VALUES ('4268f840-c703-11eb-b8bc-0242ac130003', 'Mou 13', '', '', '', '2015-12-08 00:00:00', '2015-12-08 00:00:00', '2115-12-08 00:00:00', '100', 'Placement Agreement');
Insert INTO `mou` (`mou_id`, `name`, `file_no`, `agreement_no`, `funding_agent`, `start_date`, `signing_date`, `expiring_date`, `grant_period`, `remarks`) VALUES ('4268f9b2-c703-11eb-b8bc-0242ac130003', 'Mou 14', '', '', '', '2015-04-14 00:00:00', '2015-04-14 00:00:00', '2022-12-22 00:00:00', '5', 'Exchange of students and credits, academic staff members, internship exchanges and dual degree prog.  in the field of wireless communications engineering. Renew on 21/12/2017 (Vice-Rector & Dean/University of Oulu)');
Insert INTO `mou` (`mou_id`, `name`, `file_no`, `agreement_no`, `funding_agent`, `start_date`, `signing_date`, `expiring_date`, `grant_period`, `remarks`) VALUES ('42688e0a-c703-11eb-b8bc-0242ac130003', 'Mou 15', '', '', '', '2012-05-14 00:00:00', '2012-05-14 00:00:00', '2022-05-14 00:00:00', '2', 'Joint research project in environmental science and engineering, wastewater treatment, etc. Renew 11/21/2017 (Prof. Ng Wun Jern NEWRI Community Development)');
Insert INTO `mou` (`mou_id`, `name`, `file_no`, `agreement_no`, `funding_agent`, `start_date`, `signing_date`, `expiring_date`, `grant_period`, `remarks`) VALUES ('4268bfb0-c703-11eb-b8bc-0242ac130003', 'Mou 16', '', '', '', '2015-10-03 00:00:00', '2015-10-03 00:00:00', '2115-10-03 00:00:00', '100', 'Exchange of scholars and researchers, graduate students and dental students');
Insert INTO `mou` (`mou_id`, `name`, `file_no`, `agreement_no`, `funding_agent`, `start_date`, `signing_date`, `expiring_date`, `grant_period`, `remarks`) VALUES ('4268c1f4-c703-11eb-b8bc-0242ac130003', 'Mou 17', '', '', '', '2018-07-28 00:00:00', '2018-07-28 00:00:00', '2023-07-28 00:00:00', '5', 'Joint Cooperative activates');
Insert INTO `mou` (`mou_id`, `name`, `file_no`, `agreement_no`, `funding_agent`, `start_date`, `signing_date`, `expiring_date`, `grant_period`, `remarks`) VALUES ('42685570-c703-11eb-b8bc-0242ac130003', 'Mou 18', '', '', '', '2014-03-21 00:00:00', '2014-03-21 00:00:00', '2025-08-05 00:00:00', '5', 'Agreement on Academic. Renew on 8/5/2020');
Insert INTO `mou` (`mou_id`, `name`, `file_no`, `agreement_no`, `funding_agent`, `start_date`, `signing_date`, `expiring_date`, `grant_period`, `remarks`) VALUES ('4268bbb4-c703-11eb-b8bc-0242ac130003', 'Mou 19', '', '', '', '2015-07-22 00:00:00', '2015-07-22 00:00:00', '2115-07-22 00:00:00', '100', 'Staff and student exchange program');
Insert INTO `mou` (`mou_id`, `name`, `file_no`, `agreement_no`, `funding_agent`, `start_date`, `signing_date`, `expiring_date`, `grant_period`, `remarks`) VALUES ('426916ea-c703-11eb-b8bc-0242ac130003', 'Mou 20', '', '', '', '2017-06-13 00:00:00', '2017-06-13 00:00:00', '2022-06-13 00:00:00', '5', 'Exchange of Academic staff, visiting academic staff, Research Fellow and exchange of Administrative staff');
Insert INTO `mou` (`mou_id`, `name`, `file_no`, `agreement_no`, `funding_agent`, `start_date`, `signing_date`, `expiring_date`, `grant_period`, `remarks`) VALUES ('426919ce-c703-11eb-b8bc-0242ac130003', 'Mou 21', '', '', '', '2011-03-14 00:00:00', '2011-03-14 00:00:00', '2024-03-14 00:00:00', '13', 'Development of joint venture, exchange of staff/students, recognition of academic credits. Renewed on 3/5/2014 and again  renew on 02/13/2019 (Prof. Helen Klaebe Pro-vice chancellor, Graduate and Development)');
Insert INTO `mou` (`mou_id`, `name`, `file_no`, `agreement_no`, `funding_agent`, `start_date`, `signing_date`, `expiring_date`, `grant_period`, `remarks`) VALUES ('42691b54-c703-11eb-b8bc-0242ac130003', 'Mou 22', '', '', '', '2017-01-11 00:00:00', '2017-01-01 00:00:00', '2022-01-01 00:00:00', '5', 'Student exchange for research and study, exchange faculty staff and research scholars, Joint research activities, dual and joint degree programs, conducting seminars, symposia');
Insert INTO `mou` (`mou_id`, `name`, `file_no`, `agreement_no`, `funding_agent`, `start_date`, `signing_date`, `expiring_date`, `grant_period`, `remarks`) VALUES ('42691cd0-c703-11eb-b8bc-0242ac130003', 'Mou 23', '', '', '', '2016-03-24 00:00:00', '2016-03-24 00:00:00', '2022-03-24 00:00:00', '6', 'Before mobility ? provide information on courses. During and after mobility - ensure student and staff mobility for education or training purposes. Support the re-integration of mobile participants and ensure that staff are given recognition for teaching and training activities during the mobility');
Insert INTO `mou` (`mou_id`, `name`, `file_no`, `agreement_no`, `funding_agent`, `start_date`, `signing_date`, `expiring_date`, `grant_period`, `remarks`) VALUES ('42691e6a-c703-11eb-b8bc-0242ac130003', 'Mou 24', '', '', '', '2017-08-17 00:00:00', '2017-08-17 00:00:00', '2021-08-17 00:00:00', '4', 'Students and staff mobility for teaching and training');
Insert INTO `mou` (`mou_id`, `name`, `file_no`, `agreement_no`, `funding_agent`, `start_date`, `signing_date`, `expiring_date`, `grant_period`, `remarks`) VALUES ('4269222a-c703-11eb-b8bc-0242ac130003', 'Mou 25', '', '', '', '2020-10-25 00:00:00', '2020-10-25 00:00:00', '2025-10-25 00:00:00', '5', 'Exchange staff members, students (5 maximum), exchange information, documentation and materials, coordinate joint projects seminars and conferences (Initially signed with the Dean, Faculty of Medicine on 11/14/2014 and expired on 11/14/2019) ');
Insert INTO `mou` (`mou_id`, `name`, `file_no`, `agreement_no`, `funding_agent`, `start_date`, `signing_date`, `expiring_date`, `grant_period`, `remarks`) VALUES ('4269239c-c703-11eb-b8bc-0242ac130003', 'Mou 26', '', '', '', '2016-03-31 00:00:00', '2016-03-31 00:00:00', '2022-03-31 00:00:00', '6', 'Joint research activities, exchange of information in the area of scientific education and research, exchange of faculty members for research, lectures and discussions, exchange of postgraduate students, undergraduate students and access to the various facilities of each institute');
Insert INTO `mou` (`mou_id`, `name`, `file_no`, `agreement_no`, `funding_agent`, `start_date`, `signing_date`, `expiring_date`, `grant_period`, `remarks`) VALUES ('4269250e-c703-11eb-b8bc-0242ac130003', 'Mou 27', '', '', '', '2016-11-06 00:00:00', '2016-11-06 00:00:00', '2026-11-06 00:00:00', '10', '(Extension) Research Collaboration on November 7, 1996 for mutual exchange of students in Research and Education');
Insert INTO `mou` (`mou_id`, `name`, `file_no`, `agreement_no`, `funding_agent`, `start_date`, `signing_date`, `expiring_date`, `grant_period`, `remarks`) VALUES ('426927a2-c703-11eb-b8bc-0242ac130003', 'Mou 28', '', '', '', '2017-11-20 00:00:00', '2017-11-20 00:00:00', '2022-01-31 00:00:00', '4', 'Awarding fellowships to 36 women enrolled in masters level in Bangladesh, India, Nepal and Sri Lanka. To train the fellows in IWRM program. Centre funds is received and administered by the recipient (Funds are maintained by the PGIA)');
Insert INTO `mou` (`mou_id`, `name`, `file_no`, `agreement_no`, `funding_agent`, `start_date`, `signing_date`, `expiring_date`, `grant_period`, `remarks`) VALUES ('42692914-c703-11eb-b8bc-0242ac130003', 'Mou 29', '', '', '', '2020-10-26 00:00:00', '2020-10-26 00:00:00', '2023-10-26 00:00:00', '3', '');
Insert INTO `mou` (`mou_id`, `name`, `file_no`, `agreement_no`, `funding_agent`, `start_date`, `signing_date`, `expiring_date`, `grant_period`, `remarks`) VALUES ('42692a72-c703-11eb-b8bc-0242ac130003', 'Mou 30', '', '', '', '2016-01-27 00:00:00', '2016-01-27 00:00:00', '2022-01-27 00:00:00', '6', 'Student mobility for studies , staff mobility for Teaching & staff mobility for Training');
Insert INTO `mou` (`mou_id`, `name`, `file_no`, `agreement_no`, `funding_agent`, `start_date`, `signing_date`, `expiring_date`, `grant_period`, `remarks`) VALUES ('42692bee-c703-11eb-b8bc-0242ac130003', 'Mou 31', '', '', '', '2014-12-16 00:00:00', '2014-12-16 00:00:00', '2022-10-24 00:00:00', '5', 'Exchange faculty members and research staff, undergraduate and graduate students, exchange academic publications, etc. Renew on 10/24/017 (Prof. Tomoyasu Ishida)');
Insert INTO `mou` (`mou_id`, `name`, `file_no`, `agreement_no`, `funding_agent`, `start_date`, `signing_date`, `expiring_date`, `grant_period`, `remarks`) VALUES ('4268c4ba-c703-11eb-b8bc-0242ac130003', 'Mou 32', '', '', '', '2014-01-01 00:00:00', '2014-01-01 00:00:00', '2019-01-01 00:00:00', '5', 'Implement a master study program entitled ?Master Landscape Archaeology at UoP');
Insert INTO `mou` (`mou_id`, `name`, `file_no`, `agreement_no`, `funding_agent`, `start_date`, `signing_date`, `expiring_date`, `grant_period`, `remarks`) VALUES ('4268c62c-c703-11eb-b8bc-0242ac130003', 'Mou 33', '', '', '', '2014-02-19 00:00:00', '2014-02-19 00:00:00', '2019-02-19 00:00:00', '5', 'Exchange of students, faculty & administrative staff and researchers');
Insert INTO `mou` (`mou_id`, `name`, `file_no`, `agreement_no`, `funding_agent`, `start_date`, `signing_date`, `expiring_date`, `grant_period`, `remarks`) VALUES ('4268c79e-c703-11eb-b8bc-0242ac130003', 'Mou 34', '', '', '', '2014-12-15 00:00:00', '2014-12-15 00:00:00', '2019-12-15 00:00:00', '5', 'Exchange of faculty members and research scholars, participate joint research and training');
--Insert INTO `mou` (`mou_id`, `name`, `file_no`, `agreement_no`, `funding_agent`, `start_date`, `signing_date`, `expiring_date`, `grant_period`, `remarks`) VALUES ('', '', '', '', '', '', '', '', '', '');
Insert INTO `mou` (`mou_id`, `name`, `file_no`, `agreement_no`, `funding_agent`, `start_date`, `signing_date`, `expiring_date`, `grant_period`, `remarks`) VALUES ('42692f36-c703-11eb-b8bc-0242ac130003', 'Mou 35', '', '', '', '2004-01-14 00:00:00', '2004-01-14 00:00:00', '2007-01-14 00:00:00', '3', 'Agreement on Academic Exchange. This program has been continued from 2004 up todate.');
Insert INTO `mou` (`mou_id`, `name`, `file_no`, `agreement_no`, `funding_agent`, `start_date`, `signing_date`, `expiring_date`, `grant_period`, `remarks`) VALUES ('42693094-c703-11eb-b8bc-0242ac130003', 'Mou 36', '', '', '', '2011-12-09 00:00:00', '2011-12-09 00:00:00', '2020-12-09 00:00:00', '9', 'Joint research activities, exchange staff and students');
Insert INTO `mou` (`mou_id`, `name`, `file_no`, `agreement_no`, `funding_agent`, `start_date`, `signing_date`, `expiring_date`, `grant_period`, `remarks`) VALUES ('42693206-c703-11eb-b8bc-0242ac130003', 'Mou 37', '', '', '', '2012-04-21 00:00:00', '2012-04-21 00:00:00', '2017-04-21 00:00:00', '5', 'Academic discussions and Teacher & Administrator exchanges');
Insert INTO `mou` (`mou_id`, `name`, `file_no`, `agreement_no`, `funding_agent`, `start_date`, `signing_date`, `expiring_date`, `grant_period`, `remarks`) VALUES ('4269336e-c703-11eb-b8bc-0242ac130003', 'A marker- assisted breeding tool kit for rice breeders with low accessibility to modern technology-  OWSD Early career women scientists fellowship 1.  2018 ECWS Fellow-Dr.Dimanthi Jayatilake  ', '9', '', '', '2020-08-26 00:00:00', '2020-08-26 00:00:00', '2020-08-26 00:00:00', '2.5', '');
Insert INTO `mou` (`mou_id`, `name`, `file_no`, `agreement_no`, `funding_agent`, `start_date`, `signing_date`, `expiring_date`, `grant_period`, `remarks`) VALUES ('42693602-c703-11eb-b8bc-0242ac130003', 'Internet of things for smart agriculture: Assessment of agronomic traits and ralated gene expression of tomato grown under field,semi controlled and controlled environmental conditions employed with low, energy IoT solutions - OWSD 2019 2. ECWS Fellow Dr. P.C.G.  Bandaranayaka', '10', '', '', '2020-08-26 00:00:00', '2020-08-26 00:00:00', '2020-08-26 00:00:00', '2.5', '');
Insert INTO `mou` (`mou_id`, `name`, `file_no`, `agreement_no`, `funding_agent`, `start_date`, `signing_date`, `expiring_date`, `grant_period`, `remarks`) VALUES ('426936c0-c703-11eb-b8bc-0242ac130003', 'South Asian Nitrogen Hub (SANH)- Sustainable Nitrogen Management in South Asian region, UK and UOP', '4', '', '', '2019-05-30 00:00:00', '2019-05-30 00:00:00', '2024-05-30 00:00:00', '5', '');
Insert INTO `mou` (`mou_id`, `name`, `file_no`, `agreement_no`, `funding_agent`, `start_date`, `signing_date`, `expiring_date`, `grant_period`, `remarks`) VALUES ('42693828-c703-11eb-b8bc-0242ac130003', 'Tobacco Use and Issues of Poverty Social structures in the Sri Lankan Estate Sector', '3', '', '', '2020-07-01 00:00:00', '2020-07-01 00:00:00', '2021-01-31 00:00:00', '', '');
Insert INTO `mou` (`mou_id`, `name`, `file_no`, `agreement_no`, `funding_agent`, `start_date`, `signing_date`, `expiring_date`, `grant_period`, `remarks`) VALUES ('42693bde-c703-11eb-b8bc-0242ac130003', 'Greenhouse Gas Emission from Paddy Ecosystems Critical Windows of Water and Gas Diffusivity (Abbreviation: GREPEC)', '13', '', '', '2021-01-01 00:00:00', '2021-01-01 00:00:00', '2023-01-01 00:00:00', '2', '');


--constant application type

INSERT INTO `application_type` (`application_type_id`, `application_type_name`) VALUES ('42685980-c703-11eb-b8bc-0242ac130003','MOU');
INSERT INTO `application_type` (`application_type_id`, `application_type_name`) VALUES ('42685a98-c703-11eb-b8bc-0242ac130003','GRANT');

--INSERT INTO `mou_application_type` (`mou_id`,`application_type_id`) VALUES ('','42685980-c703-11eb-b8bc-0242ac130003');
INSERT INTO `mou_application_type` (`mou_id`,`application_type_id`) VALUES ('42686bc8-c703-11eb-b8bc-0242ac130003','42685980-c703-11eb-b8bc-0242ac130003');
INSERT INTO `mou_application_type` (`mou_id`,`application_type_id`) VALUES ('42686d30-c703-11eb-b8bc-0242ac130003','42685980-c703-11eb-b8bc-0242ac130003');
INSERT INTO `mou_application_type` (`mou_id`,`application_type_id`) VALUES ('42686fe2-c703-11eb-b8bc-0242ac130003','42685980-c703-11eb-b8bc-0242ac130003');
INSERT INTO `mou_application_type` (`mou_id`,`application_type_id`) VALUES ('4268836a-c703-11eb-b8bc-0242ac130003','42685980-c703-11eb-b8bc-0242ac130003');
INSERT INTO `mou_application_type` (`mou_id`,`application_type_id`) VALUES ('4268855e-c703-11eb-b8bc-0242ac130003','42685980-c703-11eb-b8bc-0242ac130003');
INSERT INTO `mou_application_type` (`mou_id`,`application_type_id`) VALUES ('426886c6-c703-11eb-b8bc-0242ac130003','42685980-c703-11eb-b8bc-0242ac130003');
INSERT INTO `mou_application_type` (`mou_id`,`application_type_id`) VALUES ('426889aa-c703-11eb-b8bc-0242ac130003','42685980-c703-11eb-b8bc-0242ac130003');
INSERT INTO `mou_application_type` (`mou_id`,`application_type_id`) VALUES ('42688b12-c703-11eb-b8bc-0242ac130003','42685980-c703-11eb-b8bc-0242ac130003');
INSERT INTO `mou_application_type` (`mou_id`,`application_type_id`) VALUES ('42688c7a-c703-11eb-b8bc-0242ac130003','42685980-c703-11eb-b8bc-0242ac130003');
INSERT INTO `mou_application_type` (`mou_id`,`application_type_id`) VALUES ('4268f28c-c703-11eb-b8bc-0242ac130003','42685980-c703-11eb-b8bc-0242ac130003');
INSERT INTO `mou_application_type` (`mou_id`,`application_type_id`) VALUES ('4268f3f4-c703-11eb-b8bc-0242ac130003','42685980-c703-11eb-b8bc-0242ac130003');
INSERT INTO `mou_application_type` (`mou_id`,`application_type_id`) VALUES ('4268f55c-c703-11eb-b8bc-0242ac130003','42685980-c703-11eb-b8bc-0242ac130003');
INSERT INTO `mou_application_type` (`mou_id`,`application_type_id`) VALUES ('4268f840-c703-11eb-b8bc-0242ac130003','42685980-c703-11eb-b8bc-0242ac130003');
INSERT INTO `mou_application_type` (`mou_id`,`application_type_id`) VALUES ('4268f9b2-c703-11eb-b8bc-0242ac130003','42685980-c703-11eb-b8bc-0242ac130003');
INSERT INTO `mou_application_type` (`mou_id`,`application_type_id`) VALUES ('42688e0a-c703-11eb-b8bc-0242ac130003','42685980-c703-11eb-b8bc-0242ac130003');
INSERT INTO `mou_application_type` (`mou_id`,`application_type_id`) VALUES ('4268bfb0-c703-11eb-b8bc-0242ac130003','42685980-c703-11eb-b8bc-0242ac130003');
INSERT INTO `mou_application_type` (`mou_id`,`application_type_id`) VALUES ('4268c1f4-c703-11eb-b8bc-0242ac130003','42685980-c703-11eb-b8bc-0242ac130003');
INSERT INTO `mou_application_type` (`mou_id`,`application_type_id`) VALUES ('42685570-c703-11eb-b8bc-0242ac130003','42685980-c703-11eb-b8bc-0242ac130003');
INSERT INTO `mou_application_type` (`mou_id`,`application_type_id`) VALUES ('4268bbb4-c703-11eb-b8bc-0242ac130003','42685980-c703-11eb-b8bc-0242ac130003');
INSERT INTO `mou_application_type` (`mou_id`,`application_type_id`) VALUES ('426916ea-c703-11eb-b8bc-0242ac130003','42685980-c703-11eb-b8bc-0242ac130003');
INSERT INTO `mou_application_type` (`mou_id`,`application_type_id`) VALUES ('426919ce-c703-11eb-b8bc-0242ac130003','42685980-c703-11eb-b8bc-0242ac130003');
INSERT INTO `mou_application_type` (`mou_id`,`application_type_id`) VALUES ('42691b54-c703-11eb-b8bc-0242ac130003','42685980-c703-11eb-b8bc-0242ac130003');
INSERT INTO `mou_application_type` (`mou_id`,`application_type_id`) VALUES ('42691cd0-c703-11eb-b8bc-0242ac130003','42685a98-c703-11eb-b8bc-0242ac130003');
INSERT INTO `mou_application_type` (`mou_id`,`application_type_id`) VALUES ('42691e6a-c703-11eb-b8bc-0242ac130003','42685a98-c703-11eb-b8bc-0242ac130003');
INSERT INTO `mou_application_type` (`mou_id`,`application_type_id`) VALUES ('4269222a-c703-11eb-b8bc-0242ac130003','42685980-c703-11eb-b8bc-0242ac130003');
INSERT INTO `mou_application_type` (`mou_id`,`application_type_id`) VALUES ('4269239c-c703-11eb-b8bc-0242ac130003','42685980-c703-11eb-b8bc-0242ac130003');
INSERT INTO `mou_application_type` (`mou_id`,`application_type_id`) VALUES ('4269250e-c703-11eb-b8bc-0242ac130003','42685980-c703-11eb-b8bc-0242ac130003');
INSERT INTO `mou_application_type` (`mou_id`,`application_type_id`) VALUES ('426927a2-c703-11eb-b8bc-0242ac130003','42685980-c703-11eb-b8bc-0242ac130003');
INSERT INTO `mou_application_type` (`mou_id`,`application_type_id`) VALUES ('42692914-c703-11eb-b8bc-0242ac130003','42685a98-c703-11eb-b8bc-0242ac130003');
INSERT INTO `mou_application_type` (`mou_id`,`application_type_id`) VALUES ('42692a72-c703-11eb-b8bc-0242ac130003','42685a98-c703-11eb-b8bc-0242ac130003');
INSERT INTO `mou_application_type` (`mou_id`,`application_type_id`) VALUES ('42692bee-c703-11eb-b8bc-0242ac130003','42685980-c703-11eb-b8bc-0242ac130003');
INSERT INTO `mou_application_type` (`mou_id`,`application_type_id`) VALUES ('4268c4ba-c703-11eb-b8bc-0242ac130003','42685980-c703-11eb-b8bc-0242ac130003');
INSERT INTO `mou_application_type` (`mou_id`,`application_type_id`) VALUES ('4268c62c-c703-11eb-b8bc-0242ac130003','42685980-c703-11eb-b8bc-0242ac130003');
INSERT INTO `mou_application_type` (`mou_id`,`application_type_id`) VALUES ('4268c79e-c703-11eb-b8bc-0242ac130003','42685980-c703-11eb-b8bc-0242ac130003');
INSERT INTO `mou_application_type` (`mou_id`,`application_type_id`) VALUES ('42692f36-c703-11eb-b8bc-0242ac130003','42685980-c703-11eb-b8bc-0242ac130003');
INSERT INTO `mou_application_type` (`mou_id`,`application_type_id`) VALUES ('42693094-c703-11eb-b8bc-0242ac130003','42685980-c703-11eb-b8bc-0242ac130003');
INSERT INTO `mou_application_type` (`mou_id`,`application_type_id`) VALUES ('42693206-c703-11eb-b8bc-0242ac130003','42685980-c703-11eb-b8bc-0242ac130003');
INSERT INTO `mou_application_type` (`mou_id`,`application_type_id`) VALUES ('4269336e-c703-11eb-b8bc-0242ac130003','42685980-c703-11eb-b8bc-0242ac130003');
INSERT INTO `mou_application_type` (`mou_id`,`application_type_id`) VALUES ('42693602-c703-11eb-b8bc-0242ac130003','42685980-c703-11eb-b8bc-0242ac130003');
INSERT INTO `mou_application_type` (`mou_id`,`application_type_id`) VALUES ('426936c0-c703-11eb-b8bc-0242ac130003','42685980-c703-11eb-b8bc-0242ac130003');
INSERT INTO `mou_application_type` (`mou_id`,`application_type_id`) VALUES ('42693828-c703-11eb-b8bc-0242ac130003','42685980-c703-11eb-b8bc-0242ac130003');
INSERT INTO `mou_application_type` (`mou_id`,`application_type_id`) VALUES ('42693bde-c703-11eb-b8bc-0242ac130003','42685980-c703-11eb-b8bc-0242ac130003');


--INSERT INTO `mou_stage` (`mou_id`,`stage_id`) VALUES ('','42688298-c703-11eb-b8bc-0242ac130003');
INSERT INTO `mou_stage` (`mou_id`,`stage_id`) VALUES ('42686bc8-c703-11eb-b8bc-0242ac130003','42688298-c703-11eb-b8bc-0242ac130003');
INSERT INTO `mou_stage` (`mou_id`,`stage_id`) VALUES ('42686d30-c703-11eb-b8bc-0242ac130003','42688298-c703-11eb-b8bc-0242ac130003');
INSERT INTO `mou_stage` (`mou_id`,`stage_id`) VALUES ('42686fe2-c703-11eb-b8bc-0242ac130003','42688298-c703-11eb-b8bc-0242ac130003');
INSERT INTO `mou_stage` (`mou_id`,`stage_id`) VALUES ('4268836a-c703-11eb-b8bc-0242ac130003','42688298-c703-11eb-b8bc-0242ac130003');
INSERT INTO `mou_stage` (`mou_id`,`stage_id`) VALUES ('4268855e-c703-11eb-b8bc-0242ac130003','42688298-c703-11eb-b8bc-0242ac130003');
INSERT INTO `mou_stage` (`mou_id`,`stage_id`) VALUES ('426886c6-c703-11eb-b8bc-0242ac130003','42688298-c703-11eb-b8bc-0242ac130003');
INSERT INTO `mou_stage` (`mou_id`,`stage_id`) VALUES ('426889aa-c703-11eb-b8bc-0242ac130003','42688298-c703-11eb-b8bc-0242ac130003');
INSERT INTO `mou_stage` (`mou_id`,`stage_id`) VALUES ('42688b12-c703-11eb-b8bc-0242ac130003','42688298-c703-11eb-b8bc-0242ac130003');
INSERT INTO `mou_stage` (`mou_id`,`stage_id`) VALUES ('42688c7a-c703-11eb-b8bc-0242ac130003','42688298-c703-11eb-b8bc-0242ac130003');
INSERT INTO `mou_stage` (`mou_id`,`stage_id`) VALUES ('4268f28c-c703-11eb-b8bc-0242ac130003','42688298-c703-11eb-b8bc-0242ac130003');
INSERT INTO `mou_stage` (`mou_id`,`stage_id`) VALUES ('4268f3f4-c703-11eb-b8bc-0242ac130003','42688298-c703-11eb-b8bc-0242ac130003');
INSERT INTO `mou_stage` (`mou_id`,`stage_id`) VALUES ('4268f55c-c703-11eb-b8bc-0242ac130003','42688298-c703-11eb-b8bc-0242ac130003');
INSERT INTO `mou_stage` (`mou_id`,`stage_id`) VALUES ('4268f840-c703-11eb-b8bc-0242ac130003','42688298-c703-11eb-b8bc-0242ac130003');
INSERT INTO `mou_stage` (`mou_id`,`stage_id`) VALUES ('4268f9b2-c703-11eb-b8bc-0242ac130003','42688298-c703-11eb-b8bc-0242ac130003');
INSERT INTO `mou_stage` (`mou_id`,`stage_id`) VALUES ('42688e0a-c703-11eb-b8bc-0242ac130003','42688298-c703-11eb-b8bc-0242ac130003');
INSERT INTO `mou_stage` (`mou_id`,`stage_id`) VALUES ('4268bfb0-c703-11eb-b8bc-0242ac130003','42688298-c703-11eb-b8bc-0242ac130003');
INSERT INTO `mou_stage` (`mou_id`,`stage_id`) VALUES ('4268c1f4-c703-11eb-b8bc-0242ac130003','42688298-c703-11eb-b8bc-0242ac130003');
INSERT INTO `mou_stage` (`mou_id`,`stage_id`) VALUES ('42685570-c703-11eb-b8bc-0242ac130003','42688298-c703-11eb-b8bc-0242ac130003');
INSERT INTO `mou_stage` (`mou_id`,`stage_id`) VALUES ('4268bbb4-c703-11eb-b8bc-0242ac130003','42688298-c703-11eb-b8bc-0242ac130003');
INSERT INTO `mou_stage` (`mou_id`,`stage_id`) VALUES ('426916ea-c703-11eb-b8bc-0242ac130003','42688298-c703-11eb-b8bc-0242ac130003');
INSERT INTO `mou_stage` (`mou_id`,`stage_id`) VALUES ('426919ce-c703-11eb-b8bc-0242ac130003','42688298-c703-11eb-b8bc-0242ac130003');
INSERT INTO `mou_stage` (`mou_id`,`stage_id`) VALUES ('42691b54-c703-11eb-b8bc-0242ac130003','42688298-c703-11eb-b8bc-0242ac130003');
INSERT INTO `mou_stage` (`mou_id`,`stage_id`) VALUES ('42691cd0-c703-11eb-b8bc-0242ac130003','42688298-c703-11eb-b8bc-0242ac130003');
INSERT INTO `mou_stage` (`mou_id`,`stage_id`) VALUES ('42691e6a-c703-11eb-b8bc-0242ac130003','42688298-c703-11eb-b8bc-0242ac130003');
INSERT INTO `mou_stage` (`mou_id`,`stage_id`) VALUES ('4269222a-c703-11eb-b8bc-0242ac130003','42688298-c703-11eb-b8bc-0242ac130003');
INSERT INTO `mou_stage` (`mou_id`,`stage_id`) VALUES ('4269239c-c703-11eb-b8bc-0242ac130003','42688298-c703-11eb-b8bc-0242ac130003');
INSERT INTO `mou_stage` (`mou_id`,`stage_id`) VALUES ('4269250e-c703-11eb-b8bc-0242ac130003','42688298-c703-11eb-b8bc-0242ac130003');
INSERT INTO `mou_stage` (`mou_id`,`stage_id`) VALUES ('426927a2-c703-11eb-b8bc-0242ac130003','42688298-c703-11eb-b8bc-0242ac130003');
INSERT INTO `mou_stage` (`mou_id`,`stage_id`) VALUES ('42692914-c703-11eb-b8bc-0242ac130003','42688298-c703-11eb-b8bc-0242ac130003');
INSERT INTO `mou_stage` (`mou_id`,`stage_id`) VALUES ('42692a72-c703-11eb-b8bc-0242ac130003','42688298-c703-11eb-b8bc-0242ac130003');
INSERT INTO `mou_stage` (`mou_id`,`stage_id`) VALUES ('42692bee-c703-11eb-b8bc-0242ac130003','42688298-c703-11eb-b8bc-0242ac130003');
INSERT INTO `mou_stage` (`mou_id`,`stage_id`) VALUES ('4268c4ba-c703-11eb-b8bc-0242ac130003','42688298-c703-11eb-b8bc-0242ac130003');
INSERT INTO `mou_stage` (`mou_id`,`stage_id`) VALUES ('4268c62c-c703-11eb-b8bc-0242ac130003','42688298-c703-11eb-b8bc-0242ac130003');
INSERT INTO `mou_stage` (`mou_id`,`stage_id`) VALUES ('4268c79e-c703-11eb-b8bc-0242ac130003','42688298-c703-11eb-b8bc-0242ac130003');
INSERT INTO `mou_stage` (`mou_id`,`stage_id`) VALUES ('42692f36-c703-11eb-b8bc-0242ac130003','42688298-c703-11eb-b8bc-0242ac130003');
INSERT INTO `mou_stage` (`mou_id`,`stage_id`) VALUES ('42693094-c703-11eb-b8bc-0242ac130003','42688298-c703-11eb-b8bc-0242ac130003');
INSERT INTO `mou_stage` (`mou_id`,`stage_id`) VALUES ('42693206-c703-11eb-b8bc-0242ac130003','42688298-c703-11eb-b8bc-0242ac130003');
INSERT INTO `mou_stage` (`mou_id`,`stage_id`) VALUES ('4269336e-c703-11eb-b8bc-0242ac130003','42688068-c703-11eb-b8bc-0242ac130003');
INSERT INTO `mou_stage` (`mou_id`,`stage_id`) VALUES ('42693602-c703-11eb-b8bc-0242ac130003','42688068-c703-11eb-b8bc-0242ac130003');
INSERT INTO `mou_stage` (`mou_id`,`stage_id`) VALUES ('426936c0-c703-11eb-b8bc-0242ac130003','42688130-c703-11eb-b8bc-0242ac130003');
INSERT INTO `mou_stage` (`mou_id`,`stage_id`) VALUES ('42693828-c703-11eb-b8bc-0242ac130003','42687e06-c703-11eb-b8bc-0242ac130003');
INSERT INTO `mou_stage` (`mou_id`,`stage_id`) VALUES ('42693bde-c703-11eb-b8bc-0242ac130003','42687e06-c703-11eb-b8bc-0242ac130003');


INSERT INTO `university` (`university_code`, `university_name` ,`contact_no`, `contact_email`, `contact_info`) VALUES ('42686c7c-c703-11eb-b8bc-0242ac130003', 'Sichuan University', '', '','President');
INSERT INTO `university` (`university_code`, `university_name` ,`contact_no`, `contact_email`, `contact_info`) VALUES ('42686de4-c703-11eb-b8bc-0242ac130003', 'Kyoto University Renew', '', '','Dean, Graduate School of Asian and African Area Studies');
INSERT INTO `university` (`university_code`, `university_name` ,`contact_no`, `contact_email`, `contact_info`) VALUES ('4268712c-c703-11eb-b8bc-0242ac130003', 'Chengdu Normal University', '', '','President of Chengdu Normal University');
INSERT INTO `university` (`university_code`, `university_name` ,`contact_no`, `contact_email`, `contact_info`) VALUES ('4268848c-c703-11eb-b8bc-0242ac130003', 'National Chung Hsing University', '', '','President');
INSERT INTO `university` (`university_code`, `university_name` ,`contact_no`, `contact_email`, `contact_info`) VALUES ('42688612-c703-11eb-b8bc-0242ac130003', 'Sam Houston State University, Texas, U.S.A', '', '','President');
INSERT INTO `university` (`university_code`, `university_name` ,`contact_no`, `contact_email`, `contact_info`) VALUES ('426888ec-c703-11eb-b8bc-0242ac130003', 'Toyota Technological Institute', '', '','President of TTU');
INSERT INTO `university` (`university_code`, `university_name` ,`contact_no`, `contact_email`, `contact_info`) VALUES ('42688a68-c703-11eb-b8bc-0242ac130003', 'Texas Tech University', '', '','President, Texas Tech University');
INSERT INTO `university` (`university_code`, `university_name` ,`contact_no`, `contact_email`, `contact_info`) VALUES ('42688bc6-c703-11eb-b8bc-0242ac130003', 'University of Newcastle', '', '','Deputy Vice- Chancellor (Research)');
INSERT INTO `university` (`university_code`, `university_name` ,`contact_no`, `contact_email`, `contact_info`) VALUES ('42688d42-c703-11eb-b8bc-0242ac130003', 'Chinese Academy of Science, MoCPWS', '', '','Vice-President CAS Secretary MoCPWS');
INSERT INTO `university` (`university_code`, `university_name` ,`contact_no`, `contact_email`, `contact_info`) VALUES ('4268f340-c703-11eb-b8bc-0242ac130003', 'Incheon national University', '', '','Director, IAO');
INSERT INTO `university` (`university_code`, `university_name` ,`contact_no`, `contact_email`, `contact_info`) VALUES ('4268f4a8-c703-11eb-b8bc-0242ac130003', 'University of Southern Denmark, Faculty of Engineering', '', '','Dean, Faculty of Engineering');
INSERT INTO `university` (`university_code`, `university_name` ,`contact_no`, `contact_email`, `contact_info`) VALUES ('4268f61a-c703-11eb-b8bc-0242ac130003', 'Chinese Academy of Sciences', '', '','Vice-President');
INSERT INTO `university` (`university_code`, `university_name` ,`contact_no`, `contact_email`, `contact_info`) VALUES ('4268f908-c703-11eb-b8bc-0242ac130003', 'The Governors of the University of Calgary', '', '','Ms. Anayancy Solis, International Projects Officer');
INSERT INTO `university` (`university_code`, `university_name` ,`contact_no`, `contact_email`, `contact_info`) VALUES ('4268fa66-c703-11eb-b8bc-0242ac130003', 'University of Oulu', '', '','Administrative Director Liaison Officer - Dr. Nandana Rajatheva');
INSERT INTO `university` (`university_code`, `university_name` ,`contact_no`, `contact_email`, `contact_info`) VALUES ('4268befc-c703-11eb-b8bc-0242ac130003', 'Nanyang Technological University', '', '','Prof.Berti Anderson, President, NTU, Singapore');
INSERT INTO `university` (`university_code`, `university_name` ,`contact_no`, `contact_email`, `contact_info`) VALUES ('4268c10e-c703-11eb-b8bc-0242ac130003', 'School of Dental Medicine, Tsurumi University', '', '','Dean, School of Dental Medicine,');
INSERT INTO `university` (`university_code`, `university_name` ,`contact_no`, `contact_email`, `contact_info`) VALUES ('4268c3f2-c703-11eb-b8bc-0242ac130003', 'Coorg Institute of Dental Science', '', '','Dean & Director');
INSERT INTO `university` (`university_code`, `university_name`, `contact_no`, `contact_email`, `contact_info`) VALUES ('42685b60-c703-11eb-b8bc-0242ac130003','Saitama University', '', '','President, Saitama University');
INSERT INTO `university` (`university_code`, `university_name`, `contact_no`, `contact_email`, `contact_info`) VALUES ('4268bc7c-c703-11eb-b8bc-0242ac130003', 'Lahore University of Management Sciences', '', '','Vice-Chancellor');
INSERT INTO `university` (`university_code`, `university_name`, `contact_no`, `contact_email`, `contact_info`) VALUES ('4269179e-c703-11eb-b8bc-0242ac130003', 'University of Foggia', '', '','Rector, University of Foggia');
INSERT INTO `university` (`university_code`, `university_name`, `contact_no`, `contact_email`, `contact_info`) VALUES ('42691a96-c703-11eb-b8bc-0242ac130003', 'Queensland University of Technology', '', '','Vice-Chancellor');
INSERT INTO `university` (`university_code`, `university_name`, `contact_no`, `contact_email`, `contact_info`) VALUES ('42691c08-c703-11eb-b8bc-0242ac130003', 'Huaqio University', '', '','Vice-President Huaqio University');
INSERT INTO `university` (`university_code`, `university_name`, `contact_no`, `contact_email`, `contact_info`) VALUES ('42691dac-c703-11eb-b8bc-0242ac130003', 'Erasmus + Program Riga Technical University', '', '','KarlisValtins Karlis.Valtins@rtu.lv +371 6709084');
INSERT INTO `university` (`university_code`, `university_name`, `contact_no`, `contact_email`, `contact_info`) VALUES ('4269216c-c703-11eb-b8bc-0242ac130003', 'Erasmus + Program Inter-institutional agreement ClujNapoca', '', '','Rector/RO ClujNapoca');
INSERT INTO `university` (`university_code`, `university_name`, `contact_no`, `contact_email`, `contact_info`) VALUES ('426922de-c703-11eb-b8bc-0242ac130003', 'Sirindhorn International Institute of Technology Thammasat University- Renew', '', '','Deputy Director for International Affairs and Coperate Relations');
INSERT INTO `university` (`university_code`, `university_name`, `contact_no`, `contact_email`, `contact_info`) VALUES ('42692450-c703-11eb-b8bc-0242ac130003', 'Osaka Prefecture University (Graduate School of Life and Environmental Sciences)', '', '','President, Osaka Prefecture University');
INSERT INTO `university` (`university_code`, `university_name`, `contact_no`, `contact_email`, `contact_info`) VALUES ('426926e4-c703-11eb-b8bc-0242ac130003', 'Obihiro University of Agriculture', '', '','President, Obihiro');
INSERT INTO `university` (`university_code`, `university_name`, `contact_no`, `contact_email`, `contact_info`) VALUES ('42692856-c703-11eb-b8bc-0242ac130003', 'International Development Research Centre', '', '','Grant Administration Officer, IDRC');
INSERT INTO `university` (`university_code`, `university_name`, `contact_no`, `contact_email`, `contact_info`) VALUES ('426929be-c703-11eb-b8bc-0242ac130003', 'University Of Edinburgh', '', '','Faculty of Allied Health Science');
INSERT INTO `university` (`university_code`, `university_name`, `contact_no`, `contact_email`, `contact_info`) VALUES ('42692b30-c703-11eb-b8bc-0242ac130003', 'Erasmus + Program Transilvania University of Brasov, Brasov', '', '','Prof. Dr. EngSimonaLache Vice-Rector for Interationalization& Quality Evaluation, slache@unitbv.ro Coordinator muntean.d@unitbv.ro');
INSERT INTO `university` (`university_code`, `university_name`, `contact_no`, `contact_email`, `contact_info`) VALUES ('42692e6e-c703-11eb-b8bc-0242ac130003', 'Utsunomiya University', '', '','Dean- Faculty of International Studies');
INSERT INTO `university` (`university_code`, `university_name` ,`contact_no`, `contact_email`, `contact_info`) VALUES ('4268c578-c703-11eb-b8bc-0242ac130003', 'Freie Universitat Berlin', '', '','Peter lange, Kanzler');
INSERT INTO `university` (`university_code`, `university_name` ,`contact_no`, `contact_email`, `contact_info`) VALUES ('4268c6ea-c703-11eb-b8bc-0242ac130003', 'Yamagata University', '', '','Vice- President');
INSERT INTO `university` (`university_code`, `university_name` ,`contact_no`, `contact_email`, `contact_info`) VALUES ('4268c9b0-c703-11eb-b8bc-0242ac130003', 'Institute of Technology of Cambodia', '', '','Director- General/ITC');
INSERT INTO `university` (`university_code`, `university_name` ,`contact_no`, `contact_email`,`contact_info`) VALUES ('42692fea-c703-11eb-b8bc-0242ac130003', 'University of CALIFORNIA DAVIS', '', '','The Chancellor, Regents of the Univ. of California');
INSERT INTO `university` (`university_code`, `university_name` ,`contact_no`, `contact_email`,`contact_info`) VALUES ('42693148-c703-11eb-b8bc-0242ac130003', 'University of Salford, Manchester', '', '','Vice-Chancellor, University of Salford');
INSERT INTO `university` (`university_code`, `university_name` ,`contact_no`, `contact_email`,`contact_info`) VALUES ('426932ba-c703-11eb-b8bc-0242ac130003', 'Luoyang Normal University of China', '', '','Prof. Zhang Baoming');
INSERT INTO `university` (`university_code`, `university_name` ,`contact_no`, `contact_email`,`contact_info`) VALUES ('426940de-c703-11eb-b8bc-0242ac130003', 'Organization for Women in Science for the Developing World', '', '','');
INSERT INTO `university` (`university_code`, `university_name` ,`contact_no`, `contact_email`,`contact_info`) VALUES ('426942dc-c703-11eb-b8bc-0242ac130003', 'Organization for Women in Science for the Developing World', '', '','');
INSERT INTO `university` (`university_code`, `university_name` ,`contact_no`, `contact_email`,`contact_info`) VALUES ('426943a4-c703-11eb-b8bc-0242ac130003', 'GCRF (Global Challenges Research Fund)', '', '','');
INSERT INTO `university` (`university_code`, `university_name` ,`contact_no`, `contact_email`,`contact_info`) VALUES ('42694462-c703-11eb-b8bc-0242ac130003', 'Centre of Research Excellence: Indigenous Sovereignty & Smoking', '', '','');
INSERT INTO `university` (`university_code`, `university_name` ,`contact_no`, `contact_email`,`contact_info`) VALUES ('42694516-c703-11eb-b8bc-0242ac130003', 'Asia Pasific Network (APN) for Global Change Research', '', '','');


--INSERT INTO `country_university` (`university_code`, `country_code`) VALUES ('', '');
INSERT INTO `country_university` (`university_code`, `country_code`) VALUES ('42686c7c-c703-11eb-b8bc-0242ac130003', 'CN');
INSERT INTO `country_university` (`university_code`, `country_code`) VALUES ('42686de4-c703-11eb-b8bc-0242ac130003', 'JP');
INSERT INTO `country_university` (`university_code`, `country_code`) VALUES ('4268712c-c703-11eb-b8bc-0242ac130003', 'CN');
INSERT INTO `country_university` (`university_code`, `country_code`) VALUES ('4268848c-c703-11eb-b8bc-0242ac130003', 'TW');
INSERT INTO `country_university` (`university_code`, `country_code`) VALUES ('42688612-c703-11eb-b8bc-0242ac130003', 'US');
INSERT INTO `country_university` (`university_code`, `country_code`) VALUES ('426888ec-c703-11eb-b8bc-0242ac130003', 'JP');
INSERT INTO `country_university` (`university_code`, `country_code`) VALUES ('42688a68-c703-11eb-b8bc-0242ac130003', 'US');
INSERT INTO `country_university` (`university_code`, `country_code`) VALUES ('42688bc6-c703-11eb-b8bc-0242ac130003', 'AU');
INSERT INTO `country_university` (`university_code`, `country_code`) VALUES ('42688d42-c703-11eb-b8bc-0242ac130003', 'CN');
INSERT INTO `country_university` (`university_code`, `country_code`) VALUES ('4268f340-c703-11eb-b8bc-0242ac130003', 'KR');
INSERT INTO `country_university` (`university_code`, `country_code`) VALUES ('4268f4a8-c703-11eb-b8bc-0242ac130003', 'DK');
INSERT INTO `country_university` (`university_code`, `country_code`) VALUES ('4268f61a-c703-11eb-b8bc-0242ac130003', 'CN');
INSERT INTO `country_university` (`university_code`, `country_code`) VALUES ('4268f908-c703-11eb-b8bc-0242ac130003', 'CA');
INSERT INTO `country_university` (`university_code`, `country_code`) VALUES ('4268fa66-c703-11eb-b8bc-0242ac130003', 'FI');
INSERT INTO `country_university` (`university_code`, `country_code`) VALUES ('4268befc-c703-11eb-b8bc-0242ac130003', 'SG');
INSERT INTO `country_university` (`university_code`, `country_code`) VALUES ('4268c10e-c703-11eb-b8bc-0242ac130003', 'JP');
INSERT INTO `country_university` (`university_code`, `country_code`) VALUES ('4268c3f2-c703-11eb-b8bc-0242ac130003', 'IN');
INSERT INTO `country_university` (`university_code`,`country_code`) VALUES ('42685b60-c703-11eb-b8bc-0242ac130003','JP');
INSERT INTO `country_university` (`university_code`,`country_code`) VALUES ('4268bc7c-c703-11eb-b8bc-0242ac130003','PK');
INSERT INTO `country_university` (`university_code`,`country_code`) VALUES ('4269179e-c703-11eb-b8bc-0242ac130003','IT');
INSERT INTO `country_university` (`university_code`,`country_code`) VALUES ('42691a96-c703-11eb-b8bc-0242ac130003','AU');
INSERT INTO `country_university` (`university_code`,`country_code`) VALUES ('42691c08-c703-11eb-b8bc-0242ac130003','CN');
INSERT INTO `country_university` (`university_code`,`country_code`) VALUES ('42691dac-c703-11eb-b8bc-0242ac130003','LV');
INSERT INTO `country_university` (`university_code`,`country_code`) VALUES ('4269216c-c703-11eb-b8bc-0242ac130003','RO');
INSERT INTO `country_university` (`university_code`,`country_code`) VALUES ('426922de-c703-11eb-b8bc-0242ac130003','TH');
INSERT INTO `country_university` (`university_code`,`country_code`) VALUES ('42692450-c703-11eb-b8bc-0242ac130003','JP');
INSERT INTO `country_university` (`university_code`,`country_code`) VALUES ('426926e4-c703-11eb-b8bc-0242ac130003','JP');
INSERT INTO `country_university` (`university_code`,`country_code`) VALUES ('42692856-c703-11eb-b8bc-0242ac130003','CA');
INSERT INTO `country_university` (`university_code`,`country_code`) VALUES ('426929be-c703-11eb-b8bc-0242ac130003','GB');
INSERT INTO `country_university` (`university_code`,`country_code`) VALUES ('42692b30-c703-11eb-b8bc-0242ac130003','RO');
INSERT INTO `country_university` (`university_code`,`country_code`) VALUES ('42692e6e-c703-11eb-b8bc-0242ac130003','JP');
INSERT INTO `country_university` (`university_code`, `country_code`) VALUES ('4268c578-c703-11eb-b8bc-0242ac130003','GB');
INSERT INTO `country_university` (`university_code`, `country_code`) VALUES ('4268c6ea-c703-11eb-b8bc-0242ac130003', 'JP');
INSERT INTO `country_university` (`university_code`, `country_code`) VALUES ('4268c9b0-c703-11eb-b8bc-0242ac130003', 'KH');
INSERT INTO `country_university` (`university_code`, `country_code`) VALUES ('42692fea-c703-11eb-b8bc-0242ac130003', 'US');
INSERT INTO `country_university` (`university_code`, `country_code`) VALUES ('42693148-c703-11eb-b8bc-0242ac130003', 'GB');
INSERT INTO `country_university` (`university_code`, `country_code`) VALUES ('426932ba-c703-11eb-b8bc-0242ac130003', 'CN');
INSERT INTO `country_university` (`university_code`, `country_code`) VALUES ('426940de-c703-11eb-b8bc-0242ac130003', 'IT');
INSERT INTO `country_university` (`university_code`, `country_code`) VALUES ('426942dc-c703-11eb-b8bc-0242ac130003', 'IT');
INSERT INTO `country_university` (`university_code`, `country_code`) VALUES ('426943a4-c703-11eb-b8bc-0242ac130003', 'GB');
INSERT INTO `country_university` (`university_code`, `country_code`) VALUES ('42694462-c703-11eb-b8bc-0242ac130003', 'NZ');
INSERT INTO `country_university` (`university_code`, `country_code`) VALUES ('42694516-c703-11eb-b8bc-0242ac130003', 'JP');
--INSERT INTO `country_university` (`university_code`, `country_code`) VALUES ('', '');



--INSERT INTO `mou_university` (`mou_id`, `university_code`) VALUES ('', '');
INSERT INTO `mou_university` (`mou_id`, `university_code`) VALUES ('42686bc8-c703-11eb-b8bc-0242ac130003', '42686c7c-c703-11eb-b8bc-0242ac130003');
INSERT INTO `mou_university` (`mou_id`, `university_code`) VALUES ('42686d30-c703-11eb-b8bc-0242ac130003', '42686de4-c703-11eb-b8bc-0242ac130003');
INSERT INTO `mou_university` (`mou_id`, `university_code`) VALUES ('42686fe2-c703-11eb-b8bc-0242ac130003', '4268712c-c703-11eb-b8bc-0242ac130003');
INSERT INTO `mou_university` (`mou_id`, `university_code`) VALUES ('4268836a-c703-11eb-b8bc-0242ac130003', '4268848c-c703-11eb-b8bc-0242ac130003');
INSERT INTO `mou_university` (`mou_id`, `university_code`) VALUES ('4268855e-c703-11eb-b8bc-0242ac130003', '42688612-c703-11eb-b8bc-0242ac130003');
INSERT INTO `mou_university` (`mou_id`, `university_code`) VALUES ('426886c6-c703-11eb-b8bc-0242ac130003', '426888ec-c703-11eb-b8bc-0242ac130003');
INSERT INTO `mou_university` (`mou_id`, `university_code`) VALUES ('426889aa-c703-11eb-b8bc-0242ac130003', '42688a68-c703-11eb-b8bc-0242ac130003');
INSERT INTO `mou_university` (`mou_id`, `university_code`) VALUES ('42688b12-c703-11eb-b8bc-0242ac130003', '42688bc6-c703-11eb-b8bc-0242ac130003');
INSERT INTO `mou_university` (`mou_id`, `university_code`) VALUES ('42688c7a-c703-11eb-b8bc-0242ac130003', '42688d42-c703-11eb-b8bc-0242ac130003');
INSERT INTO `mou_university` (`mou_id`, `university_code`) VALUES ('4268f28c-c703-11eb-b8bc-0242ac130003', '4268f340-c703-11eb-b8bc-0242ac130003');
INSERT INTO `mou_university` (`mou_id`, `university_code`) VALUES ('4268f3f4-c703-11eb-b8bc-0242ac130003', '4268f4a8-c703-11eb-b8bc-0242ac130003');
INSERT INTO `mou_university` (`mou_id`, `university_code`) VALUES ('4268f55c-c703-11eb-b8bc-0242ac130003', '4268f61a-c703-11eb-b8bc-0242ac130003');
INSERT INTO `mou_university` (`mou_id`, `university_code`) VALUES ('4268f840-c703-11eb-b8bc-0242ac130003', '4268f908-c703-11eb-b8bc-0242ac130003');
INSERT INTO `mou_university` (`mou_id`, `university_code`) VALUES ('4268f9b2-c703-11eb-b8bc-0242ac130003', '4268fa66-c703-11eb-b8bc-0242ac130003');
INSERT INTO `mou_university` (`mou_id`, `university_code`) VALUES ('42688e0a-c703-11eb-b8bc-0242ac130003', '4268befc-c703-11eb-b8bc-0242ac130003');
INSERT INTO `mou_university` (`mou_id`, `university_code`) VALUES ('4268bfb0-c703-11eb-b8bc-0242ac130003', '4268c10e-c703-11eb-b8bc-0242ac130003');
INSERT INTO `mou_university` (`mou_id`, `university_code`) VALUES ('4268c1f4-c703-11eb-b8bc-0242ac130003', '4268c3f2-c703-11eb-b8bc-0242ac130003');
INSERT INTO `mou_university` (`mou_id`,`university_code`) VALUES ('42685570-c703-11eb-b8bc-0242ac130003','42685b60-c703-11eb-b8bc-0242ac130003');
INSERT INTO `mou_university` (`mou_id`,`university_code`) VALUES ('4268bbb4-c703-11eb-b8bc-0242ac130003','4268bc7c-c703-11eb-b8bc-0242ac130003');
INSERT INTO `mou_university` (`mou_id`,`university_code`) VALUES ('426916ea-c703-11eb-b8bc-0242ac130003','4269179e-c703-11eb-b8bc-0242ac130003');
INSERT INTO `mou_university` (`mou_id`,`university_code`) VALUES ('426919ce-c703-11eb-b8bc-0242ac130003','42691a96-c703-11eb-b8bc-0242ac130003');
INSERT INTO `mou_university` (`mou_id`,`university_code`) VALUES ('42691b54-c703-11eb-b8bc-0242ac130003','42691c08-c703-11eb-b8bc-0242ac130003');
INSERT INTO `mou_university` (`mou_id`,`university_code`) VALUES ('42691cd0-c703-11eb-b8bc-0242ac130003','42691dac-c703-11eb-b8bc-0242ac130003');
INSERT INTO `mou_university` (`mou_id`,`university_code`) VALUES ('42691e6a-c703-11eb-b8bc-0242ac130003','4269216c-c703-11eb-b8bc-0242ac130003');
INSERT INTO `mou_university` (`mou_id`,`university_code`) VALUES ('4269222a-c703-11eb-b8bc-0242ac130003','426922de-c703-11eb-b8bc-0242ac130003');
INSERT INTO `mou_university` (`mou_id`,`university_code`) VALUES ('4269239c-c703-11eb-b8bc-0242ac130003','42692450-c703-11eb-b8bc-0242ac130003');
INSERT INTO `mou_university` (`mou_id`,`university_code`) VALUES ('4269250e-c703-11eb-b8bc-0242ac130003','426926e4-c703-11eb-b8bc-0242ac130003');
INSERT INTO `mou_university` (`mou_id`,`university_code`) VALUES ('426927a2-c703-11eb-b8bc-0242ac130003','42692856-c703-11eb-b8bc-0242ac130003');
INSERT INTO `mou_university` (`mou_id`,`university_code`) VALUES ('42692914-c703-11eb-b8bc-0242ac130003','426929be-c703-11eb-b8bc-0242ac130003');
INSERT INTO `mou_university` (`mou_id`,`university_code`) VALUES ('42692a72-c703-11eb-b8bc-0242ac130003','42692b30-c703-11eb-b8bc-0242ac130003');
INSERT INTO `mou_university` (`mou_id`,`university_code`) VALUES ('42692bee-c703-11eb-b8bc-0242ac130003','42692e6e-c703-11eb-b8bc-0242ac130003');
INSERT INTO `mou_university` (`mou_id`, `university_code`) VALUES ('4268c4ba-c703-11eb-b8bc-0242ac130003', '4268c578-c703-11eb-b8bc-0242ac130003');
INSERT INTO `mou_university` (`mou_id`, `university_code`) VALUES ('4268c62c-c703-11eb-b8bc-0242ac130003', '4268c6ea-c703-11eb-b8bc-0242ac130003');
INSERT INTO `mou_university` (`mou_id`, `university_code`) VALUES ('4268c79e-c703-11eb-b8bc-0242ac130003', '4268c9b0-c703-11eb-b8bc-0242ac130003');
INSERT INTO `mou_university` (`mou_id`,`university_code`) VALUES ('42692f36-c703-11eb-b8bc-0242ac130003', '42692fea-c703-11eb-b8bc-0242ac130003');
INSERT INTO `mou_university` (`mou_id`, `university_code`) VALUES ('42693094-c703-11eb-b8bc-0242ac130003', '42693148-c703-11eb-b8bc-0242ac130003');
INSERT INTO `mou_university` (`mou_id`, `university_code`) VALUES ('42693206-c703-11eb-b8bc-0242ac130003', '426932ba-c703-11eb-b8bc-0242ac130003');
INSERT INTO `mou_university` (`mou_id`, `university_code`) VALUES ('4269336e-c703-11eb-b8bc-0242ac130003','426940de-c703-11eb-b8bc-0242ac130003');
INSERT INTO `mou_university` (`mou_id`, `university_code`) VALUES ('42693602-c703-11eb-b8bc-0242ac130003','426942dc-c703-11eb-b8bc-0242ac130003');
INSERT INTO `mou_university` (`mou_id`, `university_code`) VALUES ('426936c0-c703-11eb-b8bc-0242ac130003','426943a4-c703-11eb-b8bc-0242ac130003');
INSERT INTO `mou_university` (`mou_id`, `university_code`) VALUES ('42693828-c703-11eb-b8bc-0242ac130003','42694462-c703-11eb-b8bc-0242ac130003');
INSERT INTO `mou_university` (`mou_id`, `university_code`) VALUES ('42693bde-c703-11eb-b8bc-0242ac130003','42694516-c703-11eb-b8bc-0242ac130003');

--INSERT INTO `mou_faculty` (`mou_id`, `faculty_id`) VALUES ('', '');
INSERT INTO `mou_faculty` (`mou_id`, `faculty_id`) VALUES ('42686bc8-c703-11eb-b8bc-0242ac130003', '426866aa-c703-11eb-b8bc-0242ac130003');
INSERT INTO `mou_faculty` (`mou_id`, `faculty_id`) VALUES ('42686d30-c703-11eb-b8bc-0242ac130003', '426865f6-c703-11eb-b8bc-0242ac130003');
INSERT INTO `mou_faculty` (`mou_id`, `faculty_id`) VALUES ('42686fe2-c703-11eb-b8bc-0242ac130003', '42686498-c703-11eb-b8bc-0242ac130003');
INSERT INTO `mou_faculty` (`mou_id`, `faculty_id`) VALUES ('4268836a-c703-11eb-b8bc-0242ac130003', '42686498-c703-11eb-b8bc-0242ac130003');
INSERT INTO `mou_faculty` (`mou_id`, `faculty_id`) VALUES ('4268855e-c703-11eb-b8bc-0242ac130003', '42686498-c703-11eb-b8bc-0242ac130003');
INSERT INTO `mou_faculty` (`mou_id`, `faculty_id`) VALUES ('426886c6-c703-11eb-b8bc-0242ac130003', '42686498-c703-11eb-b8bc-0242ac130003');
INSERT INTO `mou_faculty` (`mou_id`, `faculty_id`) VALUES ('426889aa-c703-11eb-b8bc-0242ac130003', '426863e4-c703-11eb-b8bc-0242ac130003');
INSERT INTO `mou_faculty` (`mou_id`, `faculty_id`) VALUES ('42688b12-c703-11eb-b8bc-0242ac130003', '426863e4-c703-11eb-b8bc-0242ac130003');
INSERT INTO `mou_faculty` (`mou_id`, `faculty_id`) VALUES ('42688c7a-c703-11eb-b8bc-0242ac130003', '42686330-c703-11eb-b8bc-0242ac130003');
INSERT INTO `mou_faculty` (`mou_id`, `faculty_id`) VALUES ('4268f28c-c703-11eb-b8bc-0242ac130003', '42686330-c703-11eb-b8bc-0242ac130003');
INSERT INTO `mou_faculty` (`mou_id`, `faculty_id`) VALUES ('4268f3f4-c703-11eb-b8bc-0242ac130003', '42686330-c703-11eb-b8bc-0242ac130003');
INSERT INTO `mou_faculty` (`mou_id`, `faculty_id`) VALUES ('4268f55c-c703-11eb-b8bc-0242ac130003', '42686330-c703-11eb-b8bc-0242ac130003');
INSERT INTO `mou_faculty` (`mou_id`, `faculty_id`) VALUES ('4268f840-c703-11eb-b8bc-0242ac130003', '42686330-c703-11eb-b8bc-0242ac130003');
INSERT INTO `mou_faculty` (`mou_id`, `faculty_id`) VALUES ('4268f9b2-c703-11eb-b8bc-0242ac130003', '42686330-c703-11eb-b8bc-0242ac130003');
INSERT INTO `mou_faculty` (`mou_id`, `faculty_id`) VALUES ('42688e0a-c703-11eb-b8bc-0242ac130003', '42686330-c703-11eb-b8bc-0242ac130003');
INSERT INTO `mou_faculty` (`mou_id`, `faculty_id`) VALUES ('4268bfb0-c703-11eb-b8bc-0242ac130003', '42686272-c703-11eb-b8bc-0242ac130003');
INSERT INTO `mou_faculty` (`mou_id`, `faculty_id`) VALUES ('4268c1f4-c703-11eb-b8bc-0242ac130003', '42686272-c703-11eb-b8bc-0242ac130003');
INSERT INTO `mou_faculty` (`mou_id`,`faculty_id`) VALUES ('42685570-c703-11eb-b8bc-0242ac130003', '4268bb00-c703-11eb-b8bc-0242ac130003');
INSERT INTO `mou_faculty` (`mou_id`,`faculty_id`) VALUES ('4268bbb4-c703-11eb-b8bc-0242ac130003', '4268bb00-c703-11eb-b8bc-0242ac130003');
INSERT INTO `mou_faculty` (`mou_id`,`faculty_id`) VALUES ('426916ea-c703-11eb-b8bc-0242ac130003', '4268bb00-c703-11eb-b8bc-0242ac130003');
INSERT INTO `mou_faculty` (`mou_id`,`faculty_id`) VALUES ('426919ce-c703-11eb-b8bc-0242ac130003', '42685c28-c703-11eb-b8bc-0242ac130003');
INSERT INTO `mou_faculty` (`mou_id`,`faculty_id`) VALUES ('42691b54-c703-11eb-b8bc-0242ac130003', '42685c28-c703-11eb-b8bc-0242ac130003');
INSERT INTO `mou_faculty` (`mou_id`,`faculty_id`) VALUES ('42691cd0-c703-11eb-b8bc-0242ac130003', '42685c28-c703-11eb-b8bc-0242ac130003');
INSERT INTO `mou_faculty` (`mou_id`,`faculty_id`) VALUES ('42691e6a-c703-11eb-b8bc-0242ac130003', '42685c28-c703-11eb-b8bc-0242ac130003');
INSERT INTO `mou_faculty` (`mou_id`,`faculty_id`) VALUES ('4269222a-c703-11eb-b8bc-0242ac130003','42685c28-c703-11eb-b8bc-0242ac130003');
INSERT INTO `mou_faculty` (`mou_id`,`faculty_id`) VALUES ('4269239c-c703-11eb-b8bc-0242ac130003','42685b60-c703-11eb-b8bc-0242ac130003');
INSERT INTO `mou_faculty` (`mou_id`,`faculty_id`) VALUES ('4269250e-c703-11eb-b8bc-0242ac130003','42685b60-c703-11eb-b8bc-0242ac130003');
INSERT INTO `mou_faculty` (`mou_id`,`faculty_id`) VALUES ('426927a2-c703-11eb-b8bc-0242ac130003','42685b60-c703-11eb-b8bc-0242ac130003');
INSERT INTO `mou_faculty` (`mou_id`,`faculty_id`) VALUES ('42692914-c703-11eb-b8bc-0242ac130003','42685dcc-c703-11eb-b8bc-0242ac130003');
INSERT INTO `mou_faculty` (`mou_id`,`faculty_id`) VALUES ('42692a72-c703-11eb-b8bc-0242ac130003','42685eb2-c703-11eb-b8bc-0242ac130003');
INSERT INTO `mou_faculty` (`mou_id`,`faculty_id`) VALUES ('42692bee-c703-11eb-b8bc-0242ac130003','42685eb2-c703-11eb-b8bc-0242ac130003');
INSERT INTO `mou_faculty` (`mou_id`, `faculty_id`) VALUES ('4268c4ba-c703-11eb-b8bc-0242ac130003', '4268bb00-c703-11eb-b8bc-0242ac130003');
INSERT INTO `mou_faculty` (`mou_id`, `faculty_id`) VALUES ('4268c62c-c703-11eb-b8bc-0242ac130003', '4268bb00-c703-11eb-b8bc-0242ac130003');
INSERT INTO `mou_faculty` (`mou_id`, `faculty_id`) VALUES ('4268c79e-c703-11eb-b8bc-0242ac130003', '4268bb00-c703-11eb-b8bc-0242ac130003');
INSERT INTO `mou_faculty` (`mou_id`,`faculty_id`) VALUES ('42692f36-c703-11eb-b8bc-0242ac130003','4268bb00-c703-11eb-b8bc-0242ac130003');
INSERT INTO `mou_faculty` (`mou_id`,`faculty_id`) VALUES ('42693094-c703-11eb-b8bc-0242ac130003', '4268bb00-c703-11eb-b8bc-0242ac130003');
INSERT INTO `mou_faculty` (`mou_id`,`faculty_id`) VALUES ('42693206-c703-11eb-b8bc-0242ac130003', '4268bb00-c703-11eb-b8bc-0242ac130003');
INSERT INTO `mou_faculty` (`mou_id`,`faculty_id`) VALUES ('4269336e-c703-11eb-b8bc-0242ac130003', '42685b60-c703-11eb-b8bc-0242ac130003');
INSERT INTO `mou_faculty` (`mou_id`,`faculty_id`) VALUES ('42693602-c703-11eb-b8bc-0242ac130003', '42685b60-c703-11eb-b8bc-0242ac130003');
INSERT INTO `mou_faculty` (`mou_id`,`faculty_id`) VALUES ('426936c0-c703-11eb-b8bc-0242ac130003', '42685b60-c703-11eb-b8bc-0242ac130003');
INSERT INTO `mou_faculty` (`mou_id`,`faculty_id`) VALUES ('42693828-c703-11eb-b8bc-0242ac130003', '42685eb2-c703-11eb-b8bc-0242ac130003');
INSERT INTO `mou_faculty` (`mou_id`,`faculty_id`) VALUES ('42693bde-c703-11eb-b8bc-0242ac130003', '42685eb2-c703-11eb-b8bc-0242ac130003');


--INSERT INTO `coordinator` (`coordinator_id`,`coordinator_name`, `coordinator_phone_num`, `coordinator_email`) VALUES ('', '', '', '');
INSERT INTO `coordinator` (`coordinator_id`,`coordinator_name`, `coordinator_phone_num`, `coordinator_email`) VALUES ('4268ca6e-c703-11eb-b8bc-0242ac130003', 'Dr. NDK Dayawansa', '', '');
INSERT INTO `coordinator` (`coordinator_id`,`coordinator_name`, `coordinator_phone_num`, `coordinator_email`) VALUES ('4268cb2c-c703-11eb-b8bc-0242ac130003', 'Dr. R. P. Illeperuma', '', '');
INSERT INTO `coordinator` (`coordinator_id`,`coordinator_name`, `coordinator_phone_num`, `coordinator_email`) VALUES ('4268cbe0-c703-11eb-b8bc-0242ac130003', ' Prof. Anoma Abeyratne', '', '');
INSERT INTO `coordinator` (`coordinator_id`,`coordinator_name`, `coordinator_phone_num`, `coordinator_email`) VALUES ('4268cc9e-c703-11eb-b8bc-0242ac130003', 'Dr.Shameen, Jinadasa', '', '');
INSERT INTO `coordinator` (`coordinator_id`,`coordinator_name`, `coordinator_phone_num`, `coordinator_email`) VALUES ('4268cd52-c703-11eb-b8bc-0242ac130003', 'Prof. Leelananda Rajapaksha', '', '');
INSERT INTO `coordinator` (`coordinator_id`,`coordinator_name`, `coordinator_phone_num`, `coordinator_email`) VALUES ('4268ce10-c703-11eb-b8bc-0242ac130003', 'Prof. JB Ekanayake, ', '', '');
INSERT INTO `coordinator` (`coordinator_id`,`coordinator_name`, `coordinator_phone_num`, `coordinator_email`) VALUES ('4268cec4-c703-11eb-b8bc-0242ac130003', 'Prof. Ranjith Dissanayake', '', '');
INSERT INTO `coordinator` (`coordinator_id`,`coordinator_name`, `coordinator_phone_num`, `coordinator_email`) VALUES ('4268d07c-c703-11eb-b8bc-0242ac130003', 'Prof. Manjula Fernando', '', '');
INSERT INTO `coordinator` (`coordinator_id`,`coordinator_name`, `coordinator_phone_num`, `coordinator_email`) VALUES ('4268d130-c703-11eb-b8bc-0242ac130003', 'Prof. H.M.D.Namal Priyantha', '', '');
INSERT INTO `coordinator` (`coordinator_id`,`coordinator_name`, `coordinator_phone_num`, `coordinator_email`) VALUES ('4268d1e4-c703-11eb-b8bc-0242ac130003', 'Dr. A. J. Pinidiyaarachchi', '', '');
INSERT INTO `coordinator` (`coordinator_id`,`coordinator_name`, `coordinator_phone_num`, `coordinator_email`) VALUES ('4268d2a2-c703-11eb-b8bc-0242ac130003', 'Prof. J.M. Ananda Jayawickrama', '', '');
INSERT INTO `coordinator` (`coordinator_id`,`coordinator_name`, `coordinator_phone_num`, `coordinator_email`) VALUES ('42693774-c703-11eb-b8bc-0242ac130003', 'Prof.S.P. Nissanka  ', '', '');
--INSERT INTO `coordinator` (`coordinator_id`,`coordinator_name`, `coordinator_phone_num`, `coordinator_email`) VALUES ('', '', '', '');


--INSERT INTO `mou_coordinators` (`mou_id`,`coordinator_one`) VALUES ('', '','','','');
--edit this
INSERT INTO `mou_coordinators` (`mou_id`,`coordinator_one` ) VALUES ('426927a2-c703-11eb-b8bc-0242ac130003', '4268ca6e-c703-11eb-b8bc-0242ac130003');
INSERT INTO `mou_coordinators` (`mou_id`) VALUES ('42686d30-c703-11eb-b8bc-0242ac130003');
INSERT INTO `mou_coordinators` (`mou_id`,`coordinator_one` ) VALUES ('42692914-c703-11eb-b8bc-0242ac130003', '4268cb2c-c703-11eb-b8bc-0242ac130003');
INSERT INTO `mou_coordinators` (`mou_id`,`coordinator_one` ) VALUES ('42692a72-c703-11eb-b8bc-0242ac130003', '4268cbe0-c703-11eb-b8bc-0242ac130003');
INSERT INTO `mou_coordinators` (`mou_id`,`coordinator_one` ,`coordinator_two`) VALUES ('42688e0a-c703-11eb-b8bc-0242ac130003', '4268cc9e-c703-11eb-b8bc-0242ac130003','4268cd52-c703-11eb-b8bc-0242ac130003');
INSERT INTO `mou_coordinators` (`mou_id`,`coordinator_one` ) VALUES ('4268f9b2-c703-11eb-b8bc-0242ac130003', '4268ce10-c703-11eb-b8bc-0242ac130003');
INSERT INTO `mou_coordinators` (`mou_id`,`coordinator_one` ) VALUES ('4268f840-c703-11eb-b8bc-0242ac130003', '4268cec4-c703-11eb-b8bc-0242ac130003');
INSERT INTO `mou_coordinators` (`mou_id`,`coordinator_one` ) VALUES ('4268f28c-c703-11eb-b8bc-0242ac130003', '4268d07c-c703-11eb-b8bc-0242ac130003');
INSERT INTO `mou_coordinators` (`mou_id`,`coordinator_one` ) VALUES ('4268836a-c703-11eb-b8bc-0242ac130003', '4268d130-c703-11eb-b8bc-0242ac130003');
INSERT INTO `mou_coordinators` (`mou_id`,`coordinator_one` ) VALUES ('42686bc8-c703-11eb-b8bc-0242ac130003', '4268d2a2-c703-11eb-b8bc-0242ac130003');
INSERT INTO `mou_coordinators` (`mou_id`,`coordinator_one` ) VALUES ('42686fe2-c703-11eb-b8bc-0242ac130003', '4268d1e4-c703-11eb-b8bc-0242ac130003');

INSERT INTO `mou_coordinators` (`mou_id`) VALUES ('4268855e-c703-11eb-b8bc-0242ac130003');
INSERT INTO `mou_coordinators` (`mou_id`) VALUES ('426886c6-c703-11eb-b8bc-0242ac130003');
INSERT INTO `mou_coordinators` (`mou_id`) VALUES ('426889aa-c703-11eb-b8bc-0242ac130003');
INSERT INTO `mou_coordinators` (`mou_id`) VALUES ('42688b12-c703-11eb-b8bc-0242ac130003');
INSERT INTO `mou_coordinators` (`mou_id`) VALUES ('42688c7a-c703-11eb-b8bc-0242ac130003');
INSERT INTO `mou_coordinators` (`mou_id`) VALUES ('4268f3f4-c703-11eb-b8bc-0242ac130003');
INSERT INTO `mou_coordinators` (`mou_id`) VALUES ('4268f55c-c703-11eb-b8bc-0242ac130003');
INSERT INTO `mou_coordinators` (`mou_id`) VALUES ('4268bfb0-c703-11eb-b8bc-0242ac130003');
INSERT INTO `mou_coordinators` (`mou_id`) VALUES ('4268c1f4-c703-11eb-b8bc-0242ac130003');
INSERT INTO `mou_coordinators` (`mou_id`) VALUES ('42692bee-c703-11eb-b8bc-0242ac130003');
INSERT INTO `mou_coordinators` (`mou_id`) VALUES ('4269250e-c703-11eb-b8bc-0242ac130003');
INSERT INTO `mou_coordinators` (`mou_id`) VALUES ('4269239c-c703-11eb-b8bc-0242ac130003');
INSERT INTO `mou_coordinators` (`mou_id`) VALUES ('4269222a-c703-11eb-b8bc-0242ac130003');
INSERT INTO `mou_coordinators` (`mou_id`) VALUES ('42691e6a-c703-11eb-b8bc-0242ac130003');
INSERT INTO `mou_coordinators` (`mou_id`) VALUES ('42691cd0-c703-11eb-b8bc-0242ac130003');
INSERT INTO `mou_coordinators` (`mou_id`) VALUES ('42691b54-c703-11eb-b8bc-0242ac130003');
INSERT INTO `mou_coordinators` (`mou_id`) VALUES ('426919ce-c703-11eb-b8bc-0242ac130003');
INSERT INTO `mou_coordinators` (`mou_id`) VALUES ('426916ea-c703-11eb-b8bc-0242ac130003');
INSERT INTO `mou_coordinators` (`mou_id`) VALUES ('4268bbb4-c703-11eb-b8bc-0242ac130003');
INSERT INTO `mou_coordinators` (`mou_id`) VALUES ('4268c62c-c703-11eb-b8bc-0242ac130003');
INSERT INTO `mou_coordinators` (`mou_id`) VALUES ('4268c79e-c703-11eb-b8bc-0242ac130003');
INSERT INTO `mou_coordinators` (`mou_id`) VALUES ('42685570-c703-11eb-b8bc-0242ac130003');
INSERT INTO `mou_coordinators` (`mou_id`) VALUES ('4268c4ba-c703-11eb-b8bc-0242ac130003');
INSERT INTO `mou_coordinators` (`mou_id`) VALUES ('42693206-c703-11eb-b8bc-0242ac130003');
INSERT INTO `mou_coordinators` (`mou_id`) VALUES ('42693094-c703-11eb-b8bc-0242ac130003');
INSERT INTO `mou_coordinators` (`mou_id`) VALUES ('42692f36-c703-11eb-b8bc-0242ac130003');
INSERT INTO `mou_coordinators` (`mou_id`) VALUES ('4269336e-c703-11eb-b8bc-0242ac130003');
INSERT INTO `mou_coordinators` (`mou_id`) VALUES ('42693602-c703-11eb-b8bc-0242ac130003');
INSERT INTO `mou_coordinators` (`mou_id`,`coordinator_one` ) VALUES ('426936c0-c703-11eb-b8bc-0242ac130003', '42693774-c703-11eb-b8bc-0242ac130003');
INSERT INTO `mou_coordinators` (`mou_id`) VALUES ('42693828-c703-11eb-b8bc-0242ac130003');
INSERT INTO `mou_coordinators` (`mou_id`) VALUES ('42693bde-c703-11eb-b8bc-0242ac130003');
--INSERT INTO `mou_coordinators` (`mou_id`,`coordinator_id`) VALUES ('', '');

Insert INTO `mou` (`mou_id`, `name`, `file_no`, `agreement_no`, `funding_agent`, `start_date`, `signing_date`, `expiring_date`, `grant_period`, `remarks`) VALUES ('4268ca6e-c703-11eb-b8bc-0242ac130003', 'mou-38', '', '', '', '2004-11-30 00:00:00', '2004-11-30 00:00:00', '2004-11-30 00:00:00', '-', 'Exchange Student and Staff, Exchange publication, Joint Research and lectures, symposia');
Insert INTO `mou` (`mou_id`, `name`, `file_no`, `agreement_no`, `funding_agent`, `start_date`, `signing_date`, `expiring_date`, `grant_period`, `remarks`) VALUES ('4268d414-c703-11eb-b8bc-0242ac130003', 'mou-39', '', '', '', '2015-06-10 00:00:00', '2015-06-10 00:00:00', '2020-06-10 00:00:00', '5', 'Academic and administrative staff and student exchange program');
Insert INTO `mou` (`mou_id`, `name`, `file_no`, `agreement_no`, `funding_agent`, `start_date`, `signing_date`, `expiring_date`, `grant_period`, `remarks`) VALUES ('4268d720-c703-11eb-b8bc-0242ac130003', 'mou-40', '', '', '', '2006-12-20 00:00:00', '2006-12-20 00:00:00', '2011-12-20 00:00:00', '5', 'Agreement governing the exchange program');
Insert INTO `mou` (`mou_id`, `name`, `file_no`, `agreement_no`, `funding_agent`, `start_date`, `signing_date`, `expiring_date`, `grant_period`, `remarks`) VALUES ('4268d892-c703-11eb-b8bc-0242ac130003', 'mou-41', '', '', '', '2011-08-08 00:00:00', '2011-08-08 00:00:00', '2016-08-08 00:00:00', '5', 'Exchange of students and joint research programs.');
Insert INTO `mou` (`mou_id`, `name`, `file_no`, `agreement_no`, `funding_agent`, `start_date`, `signing_date`, `expiring_date`, `grant_period`, `remarks`) VALUES ('4268da0e-c703-11eb-b8bc-0242ac130003', 'mou-42', '', '', '', '2013-03-27 00:00:00', '2013-03-27 00:00:00', '2014-03-27 00:00:00', '1', 'Agreement to develop a website for SAARC centre,');
--Insert INTO `mou` (`mou_id`, `name`, `file_no`, `agreement_no`, `funding_agent`, `start_date`, `signing_date`, `expiring_date`, `grant_period`, `remarks`) VALUES ('', '', '', '', '', '', '', '', '', '');
--Insert INTO `mou` (`mou_id`, `name`, `file_no`, `agreement_no`, `funding_agent`, `start_date`, `signing_date`, `expiring_date`, `grant_period`, `remarks`) VALUES ('', '', '', '', '', '', '', '', '', '');
--Insert INTO `mou` (`mou_id`, `name`, `file_no`, `agreement_no`, `funding_agent`, `start_date`, `signing_date`, `expiring_date`, `grant_period`, `remarks`) VALUES ('', '', '', '', '', '', '', '', '', '');
--Insert INTO `mou` (`mou_id`, `name`, `file_no`, `agreement_no`, `funding_agent`, `start_date`, `signing_date`, `expiring_date`, `grant_period`, `remarks`) VALUES ('', '', '', '', '', '', '', '', '', '');
--Insert INTO `mou` (`mou_id`, `name`, `file_no`, `agreement_no`, `funding_agent`, `start_date`, `signing_date`, `expiring_date`, `grant_period`, `remarks`) VALUES ('', '', '', '', '', '', '', '', '', '');
--Insert INTO `mou` (`mou_id`, `name`, `file_no`, `agreement_no`, `funding_agent`, `start_date`, `signing_date`, `expiring_date`, `grant_period`, `remarks`) VALUES ('', '', '', '', '', '', '', '', '', '');


INSERT INTO `mou_application_type` (`mou_id`,`application_type_id`) VALUES ('4268ca6e-c703-11eb-b8bc-0242ac130003','42685980-c703-11eb-b8bc-0242ac130003');
INSERT INTO `mou_application_type` (`mou_id`,`application_type_id`) VALUES ('4268d414-c703-11eb-b8bc-0242ac130003','42685980-c703-11eb-b8bc-0242ac130003');
INSERT INTO `mou_application_type` (`mou_id`,`application_type_id`) VALUES ('4268d720-c703-11eb-b8bc-0242ac130003','42685980-c703-11eb-b8bc-0242ac130003');
INSERT INTO `mou_application_type` (`mou_id`,`application_type_id`) VALUES ('4268d892-c703-11eb-b8bc-0242ac130003','42685980-c703-11eb-b8bc-0242ac130003');
INSERT INTO `mou_application_type` (`mou_id`,`application_type_id`) VALUES ('4268da0e-c703-11eb-b8bc-0242ac130003','42685980-c703-11eb-b8bc-0242ac130003');
--INSERT INTO `mou_application_type` (`mou_id`,`application_type_id`) VALUES ('','42685980-c703-11eb-b8bc-0242ac130003');
--INSERT INTO `mou_application_type` (`mou_id`,`application_type_id`) VALUES ('','42685980-c703-11eb-b8bc-0242ac130003');
--INSERT INTO `mou_application_type` (`mou_id`,`application_type_id`) VALUES ('','42685980-c703-11eb-b8bc-0242ac130003');
--INSERT INTO `mou_application_type` (`mou_id`,`application_type_id`) VALUES ('','42685980-c703-11eb-b8bc-0242ac130003');
--INSERT INTO `mou_application_type` (`mou_id`,`application_type_id`) VALUES ('','42685980-c703-11eb-b8bc-0242ac130003');
--INSERT INTO `mou_application_type` (`mou_id`,`application_type_id`) VALUES ('','42685980-c703-11eb-b8bc-0242ac130003');
--INSERT INTO `mou_application_type` (`mou_id`,`application_type_id`) VALUES ('','42685980-c703-11eb-b8bc-0242ac130003');

INSERT INTO `mou_stage` (`mou_id`,`stage_id`) VALUES ('4268ca6e-c703-11eb-b8bc-0242ac130003','42688298-c703-11eb-b8bc-0242ac130003');
INSERT INTO `mou_stage` (`mou_id`,`stage_id`) VALUES ('4268d414-c703-11eb-b8bc-0242ac130003','42688298-c703-11eb-b8bc-0242ac130003');
INSERT INTO `mou_stage` (`mou_id`,`stage_id`) VALUES ('4268d720-c703-11eb-b8bc-0242ac130003','42688298-c703-11eb-b8bc-0242ac130003');
INSERT INTO `mou_stage` (`mou_id`,`stage_id`) VALUES ('4268d892-c703-11eb-b8bc-0242ac130003','42688298-c703-11eb-b8bc-0242ac130003');
INSERT INTO `mou_stage` (`mou_id`,`stage_id`) VALUES ('4268da0e-c703-11eb-b8bc-0242ac130003','42688298-c703-11eb-b8bc-0242ac130003');
--INSERT INTO `mou_stage` (`mou_id`,`stage_id`) VALUES ('','42688298-c703-11eb-b8bc-0242ac130003');
--INSERT INTO `mou_stage` (`mou_id`,`stage_id`) VALUES ('','42688298-c703-11eb-b8bc-0242ac130003');
--INSERT INTO `mou_stage` (`mou_id`,`stage_id`) VALUES ('','42688298-c703-11eb-b8bc-0242ac130003');
--INSERT INTO `mou_stage` (`mou_id`,`stage_id`) VALUES ('','42688298-c703-11eb-b8bc-0242ac130003');
--INSERT INTO `mou_stage` (`mou_id`,`stage_id`) VALUES ('','42688298-c703-11eb-b8bc-0242ac130003');

INSERT INTO `university` (`university_code`, `university_name` ,`contact_no`, `contact_email`, `contact_info`) VALUES ('4268cb2c-c703-11eb-b8bc-0242ac130003', 'Saga University', '', '','Dr. Akira Sasegawa-President');
INSERT INTO `university` (`university_code`, `university_name` ,`contact_no`, `contact_email`, `contact_info`) VALUES ('4268d4d2-c703-11eb-b8bc-0242ac130003', 'Niigata University', '', '','President , Niigata University');
INSERT INTO `university` (`university_code`, `university_name` ,`contact_no`, `contact_email`, `contact_info`) VALUES ('4268d7de-c703-11eb-b8bc-0242ac130003', 'Hiroshima University', '', '','');
INSERT INTO `university` (`university_code`, `university_name` ,`contact_no`, `contact_email`, `contact_info`) VALUES ('4268d950-c703-11eb-b8bc-0242ac130003', 'Ghent University', '', '','Dean Bioscience Engineering');
INSERT INTO `university` (`university_code`, `university_name` ,`contact_no`, `contact_email`, `contact_info`) VALUES ('4268dac2-c703-11eb-b8bc-0242ac130003', 'SAARC Agriculture Centre', '', '','Director, SAARC Agriculture Centre');
--INSERT INTO `university` (`university_code`, `university_name` ,`contact_no`, `contact_email`, `contact_info`) VALUES ('', '', '', '','');
--INSERT INTO `university` (`university_code`, `university_name` ,`contact_no`, `contact_email`, `contact_info`) VALUES ('', '', '', '','');
--INSERT INTO `university` (`university_code`, `university_name` ,`contact_no`, `contact_email`, `contact_info`) VALUES ('', '', '', '','');
--INSERT INTO `university` (`university_code`, `university_name` ,`contact_no`, `contact_email`, `contact_info`) VALUES ('', '', '', '','');

INSERT INTO `country_university` (`university_code`, `country_code`) VALUES ('4268cb2c-c703-11eb-b8bc-0242ac130003', 'JP');
INSERT INTO `country_university` (`university_code`, `country_code`) VALUES ('4268d4d2-c703-11eb-b8bc-0242ac130003', 'JP');
INSERT INTO `country_university` (`university_code`, `country_code`) VALUES ('4268d7de-c703-11eb-b8bc-0242ac130003', 'JP');
INSERT INTO `country_university` (`university_code`, `country_code`) VALUES ('4268d950-c703-11eb-b8bc-0242ac130003', 'BE');
INSERT INTO `country_university` (`university_code`, `country_code`) VALUES ('4268dac2-c703-11eb-b8bc-0242ac130003', 'BD');
--INSERT INTO `country_university` (`university_code`, `country_code`) VALUES ('', '');
--INSERT INTO `country_university` (`university_code`, `country_code`) VALUES ('', '');
--INSERT INTO `country_university` (`university_code`, `country_code`) VALUES ('', '');

INSERT INTO `mou_university` (`mou_id`, `university_code`) VALUES ('4268ca6e-c703-11eb-b8bc-0242ac130003', '4268cb2c-c703-11eb-b8bc-0242ac130003');
INSERT INTO `mou_university` (`mou_id`, `university_code`) VALUES ('4268d414-c703-11eb-b8bc-0242ac130003', '4268d4d2-c703-11eb-b8bc-0242ac130003');
INSERT INTO `mou_university` (`mou_id`, `university_code`) VALUES ('4268d720-c703-11eb-b8bc-0242ac130003', '4268d7de-c703-11eb-b8bc-0242ac130003');
INSERT INTO `mou_university` (`mou_id`, `university_code`) VALUES ('4268d892-c703-11eb-b8bc-0242ac130003', '4268d950-c703-11eb-b8bc-0242ac130003');
INSERT INTO `mou_university` (`mou_id`, `university_code`) VALUES ('4268da0e-c703-11eb-b8bc-0242ac130003', '4268dac2-c703-11eb-b8bc-0242ac130003');
--INSERT INTO `mou_university` (`mou_id`, `university_code`) VALUES ('', '');
--INSERT INTO `mou_university` (`mou_id`, `university_code`) VALUES ('', '');
--INSERT INTO `mou_university` (`mou_id`, `university_code`) VALUES ('', '');
--INSERT INTO `mou_university` (`mou_id`, `university_code`) VALUES ('', '');

INSERT INTO `mou_faculty` (`mou_id`,`faculty_id`) VALUES ('4268ca6e-c703-11eb-b8bc-0242ac130003', '42685b60-c703-11eb-b8bc-0242ac130003');
INSERT INTO `mou_faculty` (`mou_id`,`faculty_id`) VALUES ('4268d414-c703-11eb-b8bc-0242ac130003', '42685b60-c703-11eb-b8bc-0242ac130003');
INSERT INTO `mou_faculty` (`mou_id`,`faculty_id`) VALUES ('4268d720-c703-11eb-b8bc-0242ac130003', '42685b60-c703-11eb-b8bc-0242ac130003');
INSERT INTO `mou_faculty` (`mou_id`,`faculty_id`) VALUES ('4268d892-c703-11eb-b8bc-0242ac130003', '42685b60-c703-11eb-b8bc-0242ac130003');
INSERT INTO `mou_faculty` (`mou_id`,`faculty_id`) VALUES ('4268da0e-c703-11eb-b8bc-0242ac130003', '42685b60-c703-11eb-b8bc-0242ac130003');
--INSERT INTO `mou_faculty` (`mou_id`,`faculty_id`) VALUES ('', '');
--INSERT INTO `mou_faculty` (`mou_id`,`faculty_id`) VALUES ('', '');
--INSERT INTO `mou_faculty` (`mou_id`,`faculty_id`) VALUES ('', '');
--INSERT INTO `mou_faculty` (`mou_id`,`faculty_id`) VALUES ('', '');

INSERT INTO `coordinator` (`coordinator_id`,`coordinator_name`, `coordinator_phone_num`, `coordinator_email`) VALUES ('4268d356-c703-11eb-b8bc-0242ac130003', 'Dean, Faculty of Agriculture', '', '');
--INSERT INTO `coordinator` (`coordinator_id`,`coordinator_name`, `coordinator_phone_num`, `coordinator_email`) VALUES ('', '', '', '');
--INSERT INTO `coordinator` (`coordinator_id`,`coordinator_name`, `coordinator_phone_num`, `coordinator_email`) VALUES ('', '', '', '');
--INSERT INTO `coordinator` (`coordinator_id`,`coordinator_name`, `coordinator_phone_num`, `coordinator_email`) VALUES ('', '', '', '');
--INSERT INTO `coordinator` (`coordinator_id`,`coordinator_name`, `coordinator_phone_num`, `coordinator_email`) VALUES ('', '', '', '');

INSERT INTO `mou_coordinators` (`mou_id`,`coordinator_one`) VALUES ('4268ca6e-c703-11eb-b8bc-0242ac130003', '4268d356-c703-11eb-b8bc-0242ac130003');
INSERT INTO `mou_coordinators` (`mou_id`) VALUES ('4268d414-c703-11eb-b8bc-0242ac130003');
INSERT INTO `mou_coordinators` (`mou_id`) VALUES ('4268d720-c703-11eb-b8bc-0242ac130003');
INSERT INTO `mou_coordinators` (`mou_id`) VALUES ('4268d892-c703-11eb-b8bc-0242ac130003');
INSERT INTO `mou_coordinators` (`mou_id`) VALUES ('4268da0e-c703-11eb-b8bc-0242ac130003');
--INSERT INTO `mou_coordinators` (`mou_id`,`coordinator_one`) VALUES ('', '');
--INSERT INTO `mou_coordinators` (`mou_id`,`coordinator_one`) VALUES ('', '');
--INSERT INTO `mou_coordinators` (`mou_id`,`coordinator_one`) VALUES ('', '');